"","trimestre","alcance","sexo","desocupados","activos","ocupados","edad_activ","desocupados_ampliado","activos_ampliado","desocupacion","participacion","ocupacion","desocupacion_ampliada"
"1",2010-02-01,"Tarapacá",1,4410.81766800082,89497.7846948688,85086.9670268679,113358,10019.1516124917,95106.1186393597,4.9,79,75.1,10.5
"2",2010-02-01,"Tarapacá",2,5713.10004979554,61480.0639181256,55766.9638683301,109906,17146.9505346132,72913.9144029433,9.3,55.9,50.7,23.5
"3",2010-03-01,"Tarapacá",1,4818.74646622136,89861.6589151245,85042.9124489032,113597,10078.0602252952,95120.9726741984,5.4,79.1,74.9,10.6
"4",2010-03-01,"Tarapacá",2,6202.11063605388,61178.6409252765,54976.5302892226,110151,16595.8423647118,71572.3726539344,10.1,55.5,49.9,23.2
"5",2010-04-01,"Tarapacá",1,4161.72659150217,87281.8859757687,83120.1593842666,113844,8601.95199241894,91722.1113766855,4.8,76.7,73,9.4
"6",2010-04-01,"Tarapacá",2,3703.08638544873,61036.6719801676,57333.5855947188,110411,14232.8589665289,71566.4445612477,6.1,55.3,51.9,19.9
"7",2010-05-01,"Tarapacá",1,3289.75556096014,88917.9747914111,85628.219230451,114077,8248.14552422555,93876.3647546765,3.7,77.9,75.1,8.8
"8",2010-05-01,"Tarapacá",2,4026.45023457979,60810.9766444937,56784.5264099139,110650,14010.6705864248,70795.1969963386,6.6,55,51.3,19.8
"9",2010-06-01,"Tarapacá",1,3324.65837918022,88102.799490745,84778.1411115648,114320,9381.20205418017,94159.343165745,3.8,77.1,74.2,10
"10",2010-06-01,"Tarapacá",2,4362.0653101907,62157.901395558,57795.8360853673,110898,14253.0970069501,72048.9330923174,7,56,52.1,19.8
"11",2010-07-01,"Tarapacá",1,3357.35033809005,90896.2731161161,87538.922778026,114563,9717.40368529984,97256.3264633259,3.7,79.3,76.4,10
"12",2010-07-01,"Tarapacá",2,5067.37073073801,64329.6744939722,59262.3037632342,111138,14177.55786842,73439.8616316542,7.9,57.9,53.3,19.3
"13",2010-08-01,"Tarapacá",1,3780.54902495395,92199.1441956097,88418.5951706558,114810,8721.4138373446,97140.0090080004,4.1,80.3,77,9
"14",2010-08-01,"Tarapacá",2,4471.08203755135,63872.2607287871,59401.1786912358,111394,13509.0997356623,72910.2784268981,7,57.3,53.3,18.5
"15",2010-09-01,"Tarapacá",1,3991.39697579168,92953.873976425,88962.4770006333,115038,8707.03419548951,97669.5111961229,4.3,80.8,77.3,8.9
"16",2010-09-01,"Tarapacá",2,3981.79320444834,63123.0569870068,59141.2637825585,111641,13395.0085721414,72536.2723546999,6.3,56.5,53,18.5
"17",2010-10-01,"Tarapacá",1,4268.10397361653,92480.9563686156,88212.8523949991,115288,8614.86328608856,96827.7156810876,4.6,80.2,76.5,8.9
"18",2010-10-01,"Tarapacá",2,2819.99371817273,63315.5891809659,60495.5954627932,111905,11986.3302580986,72481.9257208918,4.5,56.6,54.1,16.5
"19",2010-11-01,"Tarapacá",1,3693.28563844126,90850.6434700453,87157.357831604,115528,9452.77956545954,96610.1373970635,4.1,78.6,75.4,9.8
"20",2010-11-01,"Tarapacá",2,3830.99522753596,61939.4733602786,58108.4781327426,112142,12884.5585483434,70993.036681086,6.2,55.2,51.8,18.1
"21",2010-12-01,"Tarapacá",1,4159.54861887897,91406.8639392902,87247.3153204112,115780,9692.05096957671,96939.3662899879,4.6,78.9,75.4,10
"22",2010-12-01,"Tarapacá",2,3619.60222451466,61706.7398749809,58087.1376504662,112413,12475.9582889101,70563.0959393763,5.9,54.9,51.7,17.7
"23",2011-01-01,"Tarapacá",1,3996.98163965824,91454.500405452,87457.5187657938,116016,9644.24630824663,97101.7650740404,4.4,78.8,75.4,9.9
"24",2011-01-01,"Tarapacá",2,3791.3037886464,60335.2303642655,56543.9265756191,112661,13546.3898374344,70090.3164130535,6.3,53.6,50.2,19.3
"25",2011-02-01,"Tarapacá",1,3907.63643736513,91996.3040721335,88088.6676347684,116259,8373.97960889465,96462.647243663,4.2,79.1,75.8,8.7
"26",2011-02-01,"Tarapacá",2,3420.67546416795,60791.2530261077,57370.5775619397,112921,13996.7320596684,71367.3096216081,5.6,53.8,50.8,19.6
"27",2011-03-01,"Tarapacá",1,4232.09240067091,91543.5701463046,87311.4777456337,116499,7359.37885058774,94670.8565962215,4.6,78.6,74.9,7.8
"28",2011-03-01,"Tarapacá",2,3439.89880058938,61064.3903283651,57624.4915277757,113173,13544.6608531915,71169.1523809671,5.6,54,50.9,19
"29",2011-04-01,"Tarapacá",1,3910.23679476703,91599.1713065106,87688.9345117436,116748,6580.99546516589,94269.9299769095,4.3,78.5,75.1,7
"30",2011-04-01,"Tarapacá",2,3409.78979986681,63150.2823007141,59740.4925008473,113425,11126.4279507853,70866.9204516326,5.4,55.7,52.7,15.7
"31",2011-05-01,"Tarapacá",1,4602.97935422498,89878.9494674091,85275.9701131841,116991,7888.94372689243,93164.9138400765,5.1,76.8,72.9,8.5
"32",2011-05-01,"Tarapacá",2,3554.53584454321,63473.3706822288,59918.8348376856,113672,10463.0074968662,70381.8423345518,5.6,55.8,52.7,14.9
"33",2010-02-01,"Antofagasta",1,13581.3532062725,173084.053212977,159502.700006705,218010.00000473,18376.3048461584,177879.004852863,7.8,79.4,73.2,10.3
"34",2010-02-01,"Antofagasta",2,6176.21465669231,99971.0720695057,93794.8574128134,211306,17263.1976550196,111058.055067833,6.2,47.3,44.4,15.5
"35",2010-03-01,"Antofagasta",1,11340.8145057766,170657.569904299,159316.755398522,218321.000005034,16443.8483985062,175760.603797028,6.6,78.2,73,9.4
"36",2010-03-01,"Antofagasta",2,6017.97408895508,98490.2982971031,92472.324208148,211631,15759.3102416322,108231.63444978,6.1,46.5,43.7,14.6
"37",2010-04-01,"Antofagasta",1,10230.0891701914,172255.435174443,162025.346004252,218650.000095473,14407.272871271,176432.618875523,5.9,78.8,74.1,8.2
"38",2010-04-01,"Antofagasta",2,6901.06904507994,97953.5261164605,91052.4570713806,211958,16312.9425664598,107365.39963784,7,46.2,43,15.2
"39",2010-05-01,"Antofagasta",1,9740.16635990918,171367.483538599,161627.31717869,218951.000060213,12856.4597914789,174483.776970169,5.7,78.3,73.8,7.4
"40",2010-05-01,"Antofagasta",2,7335.04056833976,97748.3835514533,90413.3429831135,212286,17462.3742276587,107875.717210772,7.5,46,42.6,16.2
"41",2010-06-01,"Antofagasta",1,9990.80392870868,173162.53921496,163171.735286251,219269.000067615,11627.568475467,174799.303761718,5.8,79,74.4,6.7
"42",2010-06-01,"Antofagasta",2,7559.93841296254,97179.9678291169,89620.0294161544,212623,18541.4708834458,108161.5002996,7.8,45.7,42.1,17.1
"43",2010-07-01,"Antofagasta",1,8595.73494978088,173388.039742568,164792.304792788,219594.000016846,11098.5824875886,175890.887280376,5,79,75,6.3
"44",2010-07-01,"Antofagasta",2,6444.35017305434,94962.0691848257,88517.7190117713,212952,17693.8418874972,106211.560899269,6.8,44.6,41.6,16.7
"45",2010-08-01,"Antofagasta",1,8887.56327985892,174472.009296577,165584.446016718,219903.000000842,12506.5633211057,178091.009337824,5.1,79.3,75.3,7
"46",2010-08-01,"Antofagasta",2,6279.76800630049,96887.8188364311,90608.0508301307,213276,19274.5286170754,109882.579447206,6.5,45.4,42.5,17.5
"47",2010-09-01,"Antofagasta",1,9741.44231552587,176092.196971945,166350.754656419,220211.000000905,13621.0207902613,179971.775446681,5.5,80,75.5,7.6
"48",2010-09-01,"Antofagasta",2,5806.87660985361,100861.923698924,95055.0470890708,213596,18682.502335399,113737.54942447,5.8,47.2,44.5,16.4
"49",2010-10-01,"Antofagasta",1,8603.91251141128,174104.60242586,165500.689914449,220533.000001005,12515.8713140829,178016.561228531,4.9,78.9,75,7
"50",2010-10-01,"Antofagasta",2,6034.85443772241,101012.368058251,94977.5136205288,213942,18919.8200766046,113897.333697133,6,47.2,44.4,16.6
"51",2010-11-01,"Antofagasta",1,9137.08014922452,175370.874576419,166233.794427195,220843.00008663,13012.3991231516,179246.193550346,5.2,79.4,75.3,7.3
"52",2010-11-01,"Antofagasta",2,8487.66699304685,103111.332349244,94623.6653561971,214259,20794.0818399221,115417.747196119,8.2,48.1,44.2,18
"53",2010-12-01,"Antofagasta",1,10262.0273347125,175725.243230724,165463.215896011,221159.000094656,15770.019516588,181233.235412599,5.8,79.5,74.8,8.7
"54",2010-12-01,"Antofagasta",2,8932.95602835277,102586.343751727,93653.3877233741,214596,21504.5865105528,115157.974233927,8.7,47.8,43.6,18.7
"55",2011-01-01,"Antofagasta",1,10603.5162245035,174957.001387798,164353.485163294,221460.000153576,16467.1362145773,180820.621377872,6.1,79,74.2,9.1
"56",2011-01-01,"Antofagasta",2,8813.33825446023,101690.819389554,92877.4811350934,214918,20621.4320357105,113498.913170804,8.7,47.3,43.2,18.2
"57",2011-02-01,"Antofagasta",1,7459.49984500732,172350.139688569,164890.639843562,221772.000311939,12927.9956848477,177818.63552841,4.3,77.7,74.4,7.3
"58",2011-02-01,"Antofagasta",2,6876.33887466727,100426.466056446,93550.1271817787,215248,17329.8632548126,110879.990436591,6.8,46.7,43.5,15.6
"59",2011-03-01,"Antofagasta",1,7769.60196476465,170026.813308074,162257.21134331,222080.000324531,12571.9979998641,174829.209343174,4.6,76.6,73.1,7.2
"60",2011-03-01,"Antofagasta",2,7480.87921185652,99277.7318509845,91796.8526391279,215565,16104.5553267087,107901.407965837,7.5,46.1,42.6,14.9
"61",2011-04-01,"Antofagasta",1,8870.64233845013,171293.527585827,162422.885247377,222399.000218342,12893.1161729578,175316.001420335,5.2,77,73,7.4
"62",2011-04-01,"Antofagasta",2,7252.89072663059,97328.9908929959,90076.1001663653,215897,17692.1686541522,107768.268820518,7.5,45.1,41.7,16.4
"63",2011-05-01,"Antofagasta",1,9638.85235148034,172092.942311892,162454.089960412,222709.000299841,13368.697878593,175822.787839005,5.6,77.3,72.9,7.6
"64",2011-05-01,"Antofagasta",2,6740.88659698605,96313.7520797993,89572.8654828132,216222,16560.2225298137,106133.088012627,7,44.5,41.4,15.6
"65",2010-02-01,"Atacama",1,4067.65123512628,84589.8274510513,80522.176215925,109758,14223.9737922003,94746.1500081253,4.8,77.1,73.4,15
"66",2010-02-01,"Atacama",2,5620.89220980156,49515.1204759261,43894.2282661245,107413,22815.7657551201,66709.9940212446,11.4,46.1,40.9,34.2
"67",2010-03-01,"Atacama",1,4970.85925955981,85403.2463746838,80432.387115124,109860,14375.0215626289,94807.4086777529,5.8,77.7,73.2,15.2
"68",2010-03-01,"Atacama",2,5347.53104880017,48190.4655129957,42842.9344641956,107542,22889.8319988733,65732.7664630689,11.1,44.8,39.8,34.8
"69",2010-04-01,"Atacama",1,4635.68432286621,85909.4599987337,81273.7756758675,109985,13567.7746518816,94841.550327749,5.4,78.1,73.9,14.3
"70",2010-04-01,"Atacama",2,3125.28046326708,46833.2693880943,43707.9889248272,107662,21048.3870580863,64756.3759829136,6.7,43.5,40.6,32.5
"71",2010-05-01,"Atacama",1,4914.08333378824,86782.7524684517,81868.6691346635,110114,12906.2070042307,94774.8761388941,5.7,78.8,74.3,13.6
"72",2010-05-01,"Atacama",2,3497.76240168336,46953.7619000568,43455.9994983735,107786,21204.0041929695,64660.003691343,7.4,43.6,40.3,32.8
"73",2010-06-01,"Atacama",1,3536.1743412989,86943.741066637,83407.5667253381,110231,11753.7857135359,95161.352438874,4.1,78.9,75.7,12.4
"74",2010-06-01,"Atacama",2,3323.14555580806,46582.4373289136,43259.2917731056,107900,19987.4555122419,63246.7472853475,7.1,43.2,40.1,31.6
"75",2010-07-01,"Atacama",1,3362.56423524267,84461.016530035,81098.4522947923,110351,12430.5765999375,93529.0288947298,4,76.5,73.5,13.3
"76",2010-07-01,"Atacama",2,3627.9993464756,46899.8795848211,43271.8802383455,108017,20349.5217654383,63621.4020037838,7.7,43.4,40.1,32
"77",2010-08-01,"Atacama",1,3530.69583704609,85070.9861065415,81540.2902694954,110478,11897.1700147908,93437.4602842862,4.2,77,73.8,12.7
"78",2010-08-01,"Atacama",2,3098.78923014023,47377.3884107167,44278.5991805765,108132,19820.3058045707,64098.9049851472,6.5,43.8,40.9,30.9
"79",2010-09-01,"Atacama",1,5160.50673430801,84280.0685062367,79119.5617719287,110591,13262.2875481944,92381.8493201231,6.1,76.2,71.5,14.4
"80",2010-09-01,"Atacama",2,3103.40024538692,48641.6243175699,45538.224072183,108249,19956.608832385,65494.832904568,6.4,44.9,42.1,30.5
"81",2010-10-01,"Atacama",1,5470.76678309089,86393.4583556015,80922.6915725106,110699,11807.0240098462,92729.7155823569,6.3,78,73.1,12.7
"82",2010-10-01,"Atacama",2,2802.8953319387,48494.3167156608,45691.4213837221,108360,17616.9575452154,63308.3789289375,5.8,44.8,42.2,27.8
"83",2010-11-01,"Atacama",1,5205.24953370704,84390.3616150618,79185.1120813548,110804,12246.6907125075,91431.8027938623,6.2,76.2,71.5,13.4
"84",2010-11-01,"Atacama",2,3499.96043966823,50340.826756652,46840.8663169838,108470,15097.2971446748,61938.1634616585,7,46.4,43.2,24.4
"85",2010-12-01,"Atacama",1,3921.22235234022,84358.2977449665,80437.0753926263,110924,10956.5412045788,91393.6165972051,4.6,76.1,72.5,12
"86",2010-12-01,"Atacama",2,2934.54272663272,49518.8959181048,46584.3531914721,108593,14288.0105321683,60872.3637236404,5.9,45.6,42.9,23.5
"87",2011-01-01,"Atacama",1,4379.77950761356,85314.0468624194,80934.2673548058,111030,11939.0077796767,92873.2751344825,5.1,76.8,72.9,12.9
"88",2011-01-01,"Atacama",2,3226.14763149375,49616.623100493,46390.4754689993,108690,15220.0098239327,61610.485292932,6.5,45.6,42.7,24.7
"89",2011-02-01,"Atacama",1,4319.51316198152,85831.5976779807,81512.0845159992,111148,11867.9894835201,93380.0739995192,5,77.2,73.3,12.7
"90",2011-02-01,"Atacama",2,3135.50694368104,48449.4088243373,45313.9018806563,108815,16759.6849804969,62073.5868611532,6.5,44.5,41.6,27
"91",2011-03-01,"Atacama",1,3363.33257832425,85507.3789397401,82144.0463614159,111256,11323.8910983889,93467.9374598047,3.9,76.9,73.8,12.1
"92",2011-03-01,"Atacama",2,3652.39715321055,46938.3439791943,43285.9468259837,108925,18005.1052765858,61291.0521025695,7.8,43.1,39.7,29.4
"93",2011-04-01,"Atacama",1,3333.85998940499,85662.5673273299,82328.7073379249,111367,10798.416717643,93127.1240555679,3.9,76.9,73.9,11.6
"94",2011-04-01,"Atacama",2,3502.02727612573,48087.286169026,44585.2588929003,109041,17934.1733835305,62519.4322764307,7.3,44.1,40.9,28.7
"95",2011-05-01,"Atacama",1,3340.97501390347,86222.3936204473,82881.4186065439,111479,9818.16219040431,92699.5807969482,3.9,77.3,74.3,10.6
"96",2011-05-01,"Atacama",2,2586.19047417175,48774.1817247626,46187.9912505909,109161,16295.6752894783,62483.6665400691,5.3,44.7,42.3,26.1
"97",2010-02-01,"Coquimbo",1,16222.8110814431,200457.092775813,184234.28169437,268144,28044.3870787203,212278.668773091,8.1,74.8,68.7,13.2
"98",2010-02-01,"Coquimbo",2,12020.289819992,123971.615821002,111951.32600101,282912,33857.2019205846,145808.527921595,9.7,43.8,39.6,23.2
"99",2010-03-01,"Coquimbo",1,16335.7218326649,199572.281015052,183236.559182387,268563,28319.7038198371,211556.263002224,8.2,74.3,68.2,13.4
"100",2010-03-01,"Coquimbo",2,12298.049020911,128662.563943887,116364.514922976,283396,34495.9274244678,150860.442347443,9.6,45.4,41.1,22.9
"101",2010-04-01,"Coquimbo",1,16680.7292766887,197253.085732036,180572.356455348,269009,29975.8490894757,210548.205544823,8.5,73.3,67.1,14.2
"102",2010-04-01,"Coquimbo",2,12328.2808074938,133462.669899593,121134.3890921,283904,34400.6039165215,155534.993008621,9.2,47,42.7,22.1
"103",2010-05-01,"Coquimbo",1,16177.0219176925,197741.055471649,181564.033553956,269452,32181.9883514336,213746.02190539,8.2,73.4,67.4,15.1
"104",2010-05-01,"Coquimbo",2,12387.809225097,134017.102502765,121629.293277669,284381,35123.9409088329,156753.234186501,9.2,47.1,42.8,22.4
"105",2010-06-01,"Coquimbo",1,16968.5318622351,200791.555211644,183823.023349409,269881,33065.5028896649,216888.526239074,8.5,74.4,68.1,15.2
"106",2010-06-01,"Coquimbo",2,12085.0044866958,134143.961841955,122058.95735526,284892,34578.6978916932,156637.655246953,9,47.1,42.8,22.1
"107",2010-07-01,"Coquimbo",1,15322.4579984291,201590.035598338,186267.577599909,270347,29863.9805725984,216131.558172507,7.6,74.6,68.9,13.8
"108",2010-07-01,"Coquimbo",2,12774.5393179545,133114.470136471,120339.930818516,285374,35099.7104257105,155439.641244227,9.6,46.6,42.2,22.6
"109",2010-08-01,"Coquimbo",1,13750.9127379835,201831.336089218,188080.423351235,270785,27675.8551075739,215756.278458809,6.8,74.5,69.5,12.8
"110",2010-08-01,"Coquimbo",2,11937.1712656293,132357.536316954,120420.365051325,285874,33496.8921829457,153917.25723427,9,46.3,42.1,21.8
"111",2010-09-01,"Coquimbo",1,13959.2566005383,200760.009124296,186800.752523758,271223,29868.8689861899,216669.621509948,7,74,68.9,13.8
"112",2010-09-01,"Coquimbo",2,11656.7039648875,132132.969226889,120476.265262001,286371,37650.8102853152,158127.075547316,8.8,46.1,42.1,23.8
"113",2010-10-01,"Coquimbo",1,11796.2296131318,199439.411605682,187643.18199255,271658,27510.9260423869,215154.108034937,5.9,73.4,69.1,12.8
"114",2010-10-01,"Coquimbo",2,10675.3809976978,131545.260843661,120869.879845964,286867,37974.6024122365,158844.4822582,8.1,45.9,42.1,23.9
"115",2010-11-01,"Coquimbo",1,10991.6574251236,201636.396529236,190644.739104113,272103,24491.7755559878,215136.514660101,5.5,74.1,70.1,11.4
"116",2010-11-01,"Coquimbo",2,9633.82595057217,129101.617103188,119467.791152615,287332,36492.9020637454,155960.693216361,7.5,44.9,41.6,23.4
"117",2010-12-01,"Coquimbo",1,9999.90971917996,204740.568248335,194740.658529155,272550,21558.9751230973,216299.633652252,4.9,75.1,71.5,10
"118",2010-12-01,"Coquimbo",2,8998.44158315247,130910.817671986,121912.376088834,287828,33549.2284914276,155461.604580262,6.9,45.5,42.4,21.6
"119",2011-01-01,"Coquimbo",1,12418.479236911,209839.180518394,197420.701281483,273000,23241.9541491697,220662.655430652,5.9,76.9,72.3,10.5
"120",2011-01-01,"Coquimbo",2,9074.09060902559,136086.213979716,127012.12337069,288311,33584.5933454864,160596.716716177,6.7,47.2,44.1,20.9
"121",2011-02-01,"Coquimbo",1,13452.7958756523,211607.639361077,198154.843485424,273443,25239.0789227729,223393.922408197,6.4,77.4,72.5,11.3
"122",2011-02-01,"Coquimbo",2,10243.2412843444,139279.246723638,129036.005439293,288821,38308.7523027294,167344.757742023,7.4,48.2,44.7,22.9
"123",2011-03-01,"Coquimbo",1,11747.7275182534,209277.963248336,197530.235730083,273883,22789.5981337821,220319.833863865,5.6,76.4,72.1,10.3
"124",2011-03-01,"Coquimbo",2,12432.8655560794,138209.799104389,125776.933548309,289302,36328.7638788402,162105.69742715,9,47.8,43.5,22.4
"125",2011-04-01,"Coquimbo",1,8987.16524941781,208565.543266262,199578.378016844,274334,19996.0630131482,219574.441029992,4.3,76,72.8,9.1
"126",2011-04-01,"Coquimbo",2,13542.9840191127,136912.677646503,123369.693627391,289791,34700.1904286785,158069.884056069,9.9,47.2,42.6,22
"127",2011-05-01,"Coquimbo",1,8320.0000345377,206130.513788983,197810.513754445,274767,19152.0749551148,216962.58870956,4,75,72,8.8
"128",2011-05-01,"Coquimbo",2,12351.5886236778,136796.097747043,124444.509123365,290278,31067.619261449,155512.128384814,9,47.1,42.9,20
"129",2010-02-01,"Valparaíso",1,39065.5580168038,505709.328795703,466643.770778899,672291,65440.7898582302,532084.56063713,7.7,75.2,69.4,12.3
"130",2010-02-01,"Valparaíso",2,43083.0659499958,352430.741141502,309347.675191506,719971,102500.320940112,411847.996131618,12.2,49,43,24.9
"131",2010-03-01,"Valparaíso",1,38391.1461433459,503813.149007435,465422.002864089,673162,63523.4413829898,528945.444247079,7.6,74.8,69.1,12
"132",2010-03-01,"Valparaíso",2,41913.8922324606,345914.927978146,304001.035745686,720849,102041.290248313,406042.325993998,12.1,48,42.2,25.1
"133",2010-04-01,"Valparaíso",1,37187.1219349305,504809.16938831,467622.047453379,674064,59700.5943674012,527322.64182078,7.4,74.9,69.4,11.3
"134",2010-04-01,"Valparaíso",2,37324.6502347403,341473.10727413,304148.457039389,721795,92539.0048282947,396687.461867684,10.9,47.3,42.1,23.3
"135",2010-05-01,"Valparaíso",1,34816.3104698929,498861.808315353,464045.49784546,674911,61216.214541346,525261.712386806,7,73.9,68.8,11.7
"136",2010-05-01,"Valparaíso",2,36666.906886921,343759.767884589,307092.860997668,722689,92794.1856596168,399887.046657285,10.7,47.6,42.5,23.2
"137",2010-06-01,"Valparaíso",1,36154.0501999452,498940.088856085,462786.03865614,675844,66510.9220553059,529296.960711446,7.2,73.8,68.5,12.6
"138",2010-06-01,"Valparaíso",2,36556.5252458442,349031.29465141,312474.769405566,723644,91943.3320271517,404418.101432718,10.5,48.2,43.2,22.7
"139",2010-07-01,"Valparaíso",1,35195.3377602279,495488.195523568,460292.85776334,676705,65111.4867824599,525404.3445458,7.1,73.2,68,12.4
"140",2010-07-01,"Valparaíso",2,40268.200187212,346271.187094181,306002.986906969,724562,98939.0145672411,404942.00147421,11.6,47.8,42.2,24.4
"141",2010-08-01,"Valparaíso",1,35446.2435490395,496395.266023,460949.022473961,677609,62835.4709864835,523784.493460444,7.1,73.3,68,12
"142",2010-08-01,"Valparaíso",2,38554.0813587348,349467.829602583,310913.748243848,725505,95808.6622722035,406722.410516051,11,48.2,42.9,23.6
"143",2010-09-01,"Valparaíso",1,32343.695388224,496251.593059009,463907.897670785,678469,62715.2296456888,526623.127316473,6.5,73.1,68.4,11.9
"144",2010-09-01,"Valparaíso",2,37925.0134779685,352483.043758034,314558.030280066,726386,102346.964636673,416904.994916739,10.8,48.5,43.3,24.5
"145",2010-10-01,"Valparaíso",1,30985.1923852495,488609.443297257,457624.250912007,679350,73158.4959719137,530782.746883921,6.3,71.9,67.4,13.8
"146",2010-10-01,"Valparaíso",2,33656.5077780571,356715.445660165,323058.937882108,727324,101379.206075358,424438.143957466,9.4,49,44.4,23.9
"147",2010-11-01,"Valparaíso",1,30438.1892227693,493368.646100494,462930.456877725,680212,74510.7522562277,537441.209133952,6.2,72.5,68.1,13.9
"148",2010-11-01,"Valparaíso",2,34738.935560854,355594.540900446,320855.605339592,728199,107584.069853645,428439.675193237,9.8,48.8,44.1,25.1
"149",2010-12-01,"Valparaíso",1,34395.4814162172,500218.896715738,465823.41529952,681108,76653.4930041329,542476.908303653,6.9,73.4,68.4,14.1
"150",2010-12-01,"Valparaíso",2,36767.9454823465,362130.327174713,325362.381692366,729129,112132.887202181,437495.268894547,10.2,49.7,44.6,25.6
"151",2011-01-01,"Valparaíso",1,37399.2338125688,509744.14318135,472344.909368781,681941,76635.0302628545,548979.939631636,7.3,74.7,69.3,14
"152",2011-01-01,"Valparaíso",2,35715.3384049331,361067.305029643,325351.96662471,730040,118538.161865287,443890.128489997,9.9,49.5,44.6,26.7
"153",2011-02-01,"Valparaíso",1,36160.4771760278,513598.831056767,477438.353880739,682849,73541.8222943356,550980.176175074,7,75.2,69.9,13.3
"154",2011-02-01,"Valparaíso",2,33941.5663552498,365408.545790761,331466.979435512,730972,112129.787888576,443596.767324088,9.3,50,45.3,25.3
"155",2011-03-01,"Valparaíso",1,33219.8905881887,508797.038508174,475577.147919986,683707,70802.9135962353,546380.061516221,6.5,74.4,69.6,13
"156",2011-03-01,"Valparaíso",2,34525.2840222139,363205.539896402,328680.255874188,731830,114434.741566096,443114.997440284,9.5,49.6,44.9,25.8
"157",2011-04-01,"Valparaíso",1,27203.9780685905,494698.971246656,467494.993178066,684597,66601.4378354383,534096.431013504,5.5,72.3,68.3,12.5
"158",2011-04-01,"Valparaíso",2,37215.4264641259,360549.784547509,323334.358083383,732780,109770.066819821,433104.424903204,10.3,49.2,44.1,25.3
"159",2011-05-01,"Valparaíso",1,27079.9355641443,495685.733382477,468605.797818332,685468,67323.8161380947,535929.613956427,5.5,72.3,68.4,12.6
"160",2011-05-01,"Valparaíso",2,37466.6246352658,356759.847941648,319293.223306382,733667,113742.586338102,433035.809644484,10.5,48.6,43.5,26.3
"161",2010-02-01,"O'Higgins",1,12417.6005536183,258676.010537404,246258.409983786,341553,26531.6765040293,272790.086487815,4.8,75.7,72.1,9.7
"162",2010-02-01,"O'Higgins",2,13585.7488469802,157954.82184064,144369.07299366,344744,45142.7542335394,189511.8272272,8.6,45.8,41.9,23.8
"163",2010-03-01,"O'Higgins",1,12329.9555623867,256892.325831857,244562.37026947,341972,25765.886851906,270328.257121376,4.8,75.1,71.5,9.5
"164",2010-03-01,"O'Higgins",2,11735.9142520977,156047.787902248,144311.87365015,345216,42700.3802459405,187012.253896091,7.5,45.2,41.8,22.8
"165",2010-04-01,"O'Higgins",1,10581.1341996541,252669.90739427,242088.773194616,342429,20490.4078042738,262579.18099889,4.2,73.8,70.7,7.8
"166",2010-04-01,"O'Higgins",2,9722.04066320305,154790.116649222,145068.075986019,345727,41938.3052273694,187006.381213388,6.3,44.8,42,22.4
"167",2010-05-01,"O'Higgins",1,9968.84917717458,250104.320799576,240135.471622401,342915,21872.0092232711,262007.480845672,4,72.9,70,8.3
"168",2010-05-01,"O'Higgins",2,11008.917802421,157293.654288355,146284.736485934,346131,42179.1861988509,188463.922684785,7,45.4,42.3,22.4
"169",2010-06-01,"O'Higgins",1,13219.3241699983,248567.63020819,235348.306038191,343388,27350.5482462444,262698.854284436,5.3,72.4,68.5,10.4
"170",2010-06-01,"O'Higgins",2,12666.2084667158,156034.774437427,143368.565970711,346651,48730.7011946567,192099.267165368,8.1,45,41.4,25.4
"171",2010-07-01,"O'Higgins",1,17245.2870963087,248323.553920094,231078.266823785,343832,33603.408377559,264681.675201344,6.9,72.2,67.2,12.7
"172",2010-07-01,"O'Higgins",2,12796.4362267702,153093.489403892,140297.053177122,347114,49308.6798882367,189605.733065359,8.4,44.1,40.4,26
"173",2010-08-01,"O'Higgins",1,16789.304856145,248500.413426725,231711.10857058,344300,32485.7118322898,264196.82040287,6.8,72.2,67.3,12.3
"174",2010-08-01,"O'Higgins",2,10952.7688945583,151233.330389734,140280.561495175,347578,45914.8352148086,186195.396709984,7.2,43.5,40.4,24.7
"175",2010-09-01,"O'Higgins",1,15479.1679322986,244398.13835329,228918.970420991,344730,34702.7028336665,263621.673254658,6.3,70.9,66.4,13.2
"176",2010-09-01,"O'Higgins",2,13932.9595326674,149433.266234608,135500.306701941,348097,47127.296746765,182627.603448706,9.3,42.9,38.9,25.8
"177",2010-10-01,"O'Higgins",1,12041.4164303268,247240.011320136,235198.59488981,345189,30686.5514220228,265885.146311832,4.9,71.6,68.1,11.5
"178",2010-10-01,"O'Higgins",2,11964.0336351915,147780.850179831,135816.816544639,348575,44154.7036250475,179971.520169687,8.1,42.4,39,24.5
"179",2010-11-01,"O'Higgins",1,10416.6625624054,252998.811451512,242582.148889106,345659,27561.8245884108,270143.973477517,4.1,73.2,70.2,10.2
"180",2010-11-01,"O'Higgins",2,14411.9380203045,155616.357186469,141204.419166164,349015,43851.1812114315,185055.600377596,9.3,44.6,40.5,23.7
"181",2010-12-01,"O'Higgins",1,8112.94712127266,258001.527266716,249888.580145443,346109,21000.3020831154,270888.882228558,3.1,74.5,72.2,7.8
"182",2010-12-01,"O'Higgins",2,11477.3526691448,161342.170149124,149864.817479979,349507,37831.6606405737,187696.478120553,7.1,46.2,42.9,20.2
"183",2011-01-01,"O'Higgins",1,7729.2646395962,259656.58090924,251927.316269644,346588,19563.1523007266,271490.468570371,3,74.9,72.7,7.2
"184",2011-01-01,"O'Higgins",2,11744.3278017365,162275.862564907,150531.534763171,349983,33859.4170478504,184390.951811021,7.2,46.4,43,18.4
"185",2011-02-01,"O'Higgins",1,10589.2773949679,257141.870879237,246552.593484269,347068,24816.4674141333,271369.060898402,4.1,74.1,71,9.1
"186",2011-02-01,"O'Higgins",2,9135.31939344107,158991.427093507,149856.107700066,350458,37429.4111525407,187285.518852606,5.7,45.4,42.8,20
"187",2011-03-01,"O'Higgins",1,11223.2768666942,256373.433014186,245150.156147492,347487,26100.1231169608,271250.279264452,4.4,73.8,70.5,9.6
"188",2011-03-01,"O'Higgins",2,8599.87543217748,161655.197558021,153055.322125843,350970,41892.0542443999,194947.376370243,5.3,46.1,43.6,21.5
"189",2011-04-01,"O'Higgins",1,14203.2555551886,259643.144981525,245439.889426336,347960,29365.9485967527,274805.838023089,5.5,74.6,70.5,10.7
"190",2011-04-01,"O'Higgins",2,10422.3245704191,164626.153242005,154203.828671586,351403,46943.7279723389,201147.556643925,6.3,46.8,43.9,23.3
"191",2011-05-01,"O'Higgins",1,13760.1004768017,260216.292149481,246456.191672679,348421,28538.1447133402,274994.33638602,5.3,74.7,70.7,10.4
"192",2011-05-01,"O'Higgins",2,10243.6165183386,168866.199264623,158622.582746284,351867,44584.9452732765,203207.528019561,6.1,48,45.1,21.9
"193",2010-02-01,"Maule",1,16609.0358522911,286941.925496377,270332.889644086,389470,45381.3482216144,315714.237865701,5.8,73.7,69.4,14.4
"194",2010-02-01,"Maule",2,12816.1602274762,180949.381587073,168133.221359596,405441,73375.3613833727,241508.582742969,7.1,44.6,41.5,30.4
"195",2010-03-01,"Maule",1,14383.9483596122,290139.337703998,275755.389344386,389906,38835.7890308891,314591.178375275,5,74.4,70.7,12.3
"196",2010-03-01,"Maule",2,13064.030927399,180478.606485998,167414.575558599,405983,67280.5798965387,234695.155455138,7.2,44.5,41.2,28.7
"197",2010-04-01,"Maule",1,14670.4446972635,291799.605028579,277129.160331315,390373,36610.6433785814,313739.803709897,5,74.7,71,11.7
"198",2010-04-01,"Maule",2,13568.3201929315,183347.005974035,169778.685781103,406521,64508.1658846224,234286.851665726,7.4,45.1,41.8,27.5
"199",2010-05-01,"Maule",1,16773.6681118198,284396.439390923,267622.771279103,390823,41655.1694257854,309277.940704888,5.9,72.8,68.5,13.5
"200",2010-05-01,"Maule",2,14391.3412755417,177558.917646414,163167.576370872,407034,64498.4200087886,227665.996379661,8.1,43.6,40.1,28.3
"201",2010-06-01,"Maule",1,20000.4289561291,279271.642893027,259271.213936898,391293,50491.3304688509,309762.544405749,7.2,71.4,66.3,16.3
"202",2010-06-01,"Maule",2,15188.7501818027,169149.357485758,153960.607303955,407582,70137.9706689318,224098.577972887,9,41.5,37.8,31.3
"203",2010-07-01,"Maule",1,20454.727763435,278345.87542552,257891.147662086,391755,54941.3959401264,312832.543602212,7.3,71.1,65.8,17.6
"204",2010-07-01,"Maule",2,16859.7358152814,162630.05526677,145770.319451489,408116,75136.6141812416,220906.93363273,10.4,39.8,35.7,34
"205",2010-08-01,"Maule",1,19014.1608805351,278175.35758267,259161.196702135,392231,54631.4177854153,313792.61448755,6.8,70.9,66.1,17.4
"206",2010-08-01,"Maule",2,16943.7545627666,164695.872991574,147752.118428807,408670,79510.677788886,227262.796217693,10.3,40.3,36.2,35
"207",2010-09-01,"Maule",1,18838.0862198135,282531.545967141,263693.459747327,392677,54349.7301678247,318043.189915152,6.7,72,67.2,17.1
"208",2010-09-01,"Maule",2,17651.7352330969,167043.823209501,149392.087976404,409218,84637.4188101824,234029.506786586,10.6,40.8,36.5,36.2
"209",2010-10-01,"Maule",1,17987.0523549946,281245.079646692,263258.027291697,393153,52494.2127299672,315752.240021664,6.4,71.5,67,16.6
"210",2010-10-01,"Maule",2,18800.1919053852,170793.451012391,151993.259107005,409746,84591.4838712867,236584.742978292,11,41.7,37.1,35.8
"211",2010-11-01,"Maule",1,14436.3115766854,286507.080014226,272070.76843754,393580,44685.2032449557,316755.971682496,5,72.8,69.1,14.1
"212",2010-11-01,"Maule",2,17219.3464838938,173665.616682482,156446.270198589,410251,79356.7850004366,235803.055199025,9.9,42.3,38.1,33.7
"213",2010-12-01,"Maule",1,12275.7343138928,290563.759592384,278288.025278491,394051,40486.3644737479,318774.389752239,4.2,73.7,70.6,12.7
"214",2010-12-01,"Maule",2,16294.9433392641,182701.904400544,166406.961061279,410823,68181.9449485011,234588.906009781,8.9,44.5,40.5,29.1
"215",2011-01-01,"Maule",1,11810.3693858721,300618.132997953,288807.763612081,394477,37018.8540798577,325826.617691938,3.9,76.2,73.2,11.4
"216",2011-01-01,"Maule",2,16474.0169271495,187172.372653736,170698.355726586,411340,67122.6974502422,237821.053176828,8.8,45.5,41.5,28.2
"217",2011-02-01,"Maule",1,13589.8251220097,300900.740623309,287310.915501299,394954,41997.8542249218,329308.769726221,4.5,76.2,72.7,12.8
"218",2011-02-01,"Maule",2,16409.9194249885,189634.839823363,173224.920398374,411863,69429.8933409544,242654.813739329,8.7,46,42.1,28.6
"219",2011-03-01,"Maule",1,12016.4235688489,294814.838045731,282798.414476883,395403,40601.0573107454,323399.471787628,4.1,74.6,71.5,12.6
"220",2011-03-01,"Maule",2,18264.3231208548,184623.729872331,166359.406751476,412396,74215.1495852005,240574.556336677,9.9,44.8,40.3,30.8
"221",2011-04-01,"Maule",1,12032.3644295185,287059.816374111,275027.451944593,395875,41300.8585600646,316328.310504657,4.2,72.5,69.5,13.1
"222",2011-04-01,"Maule",2,17921.4451926437,185160.324887607,167238.879694964,412939,71473.0946653709,238711.974360335,9.7,44.8,40.5,29.9
"223",2011-05-01,"Maule",1,13792.3808155879,282713.512639283,268921.131823695,396294,42741.2075352495,311662.339358944,4.9,71.3,67.9,13.7
"224",2011-05-01,"Maule",2,18186.0234695678,178700.490654198,160514.46718463,413442,74262.4510821332,234776.918266764,10.2,43.2,38.8,31.6
"225",2010-02-01,"Biobío",1,31064.5086071553,430791.374542433,399726.865935277,593967,77878.0097700445,477604.875705322,7.2,72.5,67.3,16.3
"226",2010-02-01,"Biobío",2,33278.7240242905,280147.034325196,246868.310300905,634038,130682.561933012,377550.872233917,11.9,44.2,38.9,34.6
"227",2010-03-01,"Biobío",1,30749.317286955,430830.956773259,400081.639486304,594544,68565.7807261861,468647.42021249,7.1,72.5,67.3,14.6
"228",2010-03-01,"Biobío",2,30725.7263225587,277709.011684166,246983.285361607,634675,121387.785417034,368371.070778641,11.1,43.8,38.9,33
"229",2010-04-01,"Biobío",1,27830.4178061341,426531.769945413,398701.352139279,595153,62652.3505792798,461353.702718558,6.5,71.7,67,13.6
"230",2010-04-01,"Biobío",2,30556.2394953923,279607.579785791,249051.340290399,635338,111222.220118155,360273.560408553,10.9,44,39.2,30.9
"231",2010-05-01,"Biobío",1,28202.9426735133,425429.667047233,397226.724373719,595696,64466.2996602344,461693.024033954,6.6,71.4,66.7,14
"232",2010-05-01,"Biobío",2,28953.8286004995,292799.051391734,263845.222791235,635981,106685.208038154,370530.430829389,9.9,46,41.5,28.8
"233",2010-06-01,"Biobío",1,26821.4649792199,428674.829939442,401853.364960222,596301,67499.8265783551,469353.191538577,6.3,71.9,67.4,14.4
"234",2010-06-01,"Biobío",2,32705.0966707069,295662.54598451,262957.449313803,636645,109440.410543912,372397.859857715,11.1,46.4,41.3,29.4
"235",2010-07-01,"Biobío",1,31676.8228235283,430613.237803572,398936.414980044,596859,72191.6028265223,471128.017806566,7.4,72.1,66.8,15.3
"236",2010-07-01,"Biobío",2,30034.1420621261,289821.826935741,259787.684873615,637241,109085.249445161,368872.934318776,10.4,45.5,40.8,29.6
"237",2010-08-01,"Biobío",1,32703.7620496744,423996.682777838,391292.920728163,597422,76223.3618309529,467516.282559116,7.7,71,65.5,16.3
"238",2010-08-01,"Biobío",2,30268.8984021981,283546.150930739,253277.252528541,637881,107043.568835735,360320.821364275,10.7,44.5,39.7,29.7
"239",2010-09-01,"Biobío",1,34084.1092432103,419570.613969063,385486.504725853,597965,78948.7846895587,464435.289415412,8.1,70.2,64.5,17
"240",2010-09-01,"Biobío",2,29657.9766130061,278848.043894367,249190.067281361,638503,113314.203929623,362504.271210984,10.6,43.7,39,31.3
"241",2010-10-01,"Biobío",1,31311.1234683945,414670.250391599,383359.126923204,598527,80208.4868550316,463567.613778236,7.6,69.3,64.1,17.3
"242",2010-10-01,"Biobío",2,29087.1200082939,279945.910271188,250858.790262894,639135,109182.644190693,360041.434453587,10.4,43.8,39.2,30.3
"243",2010-11-01,"Biobío",1,28060.5218164721,412072.467710519,384011.945894047,599072,75691.3338853698,459703.279779417,6.8,68.8,64.1,16.5
"244",2010-11-01,"Biobío",2,26847.0973874847,281248.019182181,254400.921794696,639743,105574.503438427,359975.425233123,9.5,44,39.8,29.3
"245",2010-12-01,"Biobío",1,25280.8840879331,410049.754188742,384768.870100809,599656,72543.5589781111,457312.42907892,6.2,68.4,64.2,15.9
"246",2010-12-01,"Biobío",2,25412.4464703247,286047.007986256,260634.561515931,640391,100907.062569684,361541.624085616,8.9,44.7,40.7,27.9
"247",2011-01-01,"Biobío",1,26683.4218702004,418595.098549994,391911.676679793,600179,69672.5571969211,461584.233876714,6.4,69.7,65.3,15.1
"248",2011-01-01,"Biobío",2,28032.9518307079,290065.268626423,262032.316795715,641030,106469.790313232,368502.107108947,9.7,45.2,40.9,28.9
"249",2011-02-01,"Biobío",1,30066.3071565113,423935.708778694,393869.401622183,600761,70624.3471333854,464493.748755568,7.1,70.6,65.6,15.2
"250",2011-02-01,"Biobío",2,30159.9514796843,289341.113866109,259181.162386425,641652,113970.156456273,373151.318842697,10.4,45.1,40.4,30.5
"251",2011-03-01,"Biobío",1,29796.6001329814,425434.835203083,395638.235070102,601323,65381.7484532394,461019.983523341,7,70.7,65.8,14.2
"252",2011-03-01,"Biobío",2,31133.8475274014,285248.514400757,254114.666873355,642264,107386.296989111,361500.963862466,10.9,44.4,39.6,29.7
"253",2011-04-01,"Biobío",1,28527.4086047025,419144.821619284,390617.413014582,601840,62958.3658355796,453575.778850161,6.8,69.6,64.9,13.9
"254",2011-04-01,"Biobío",2,28125.4643377639,281425.256712858,253299.792375094,642935,102283.687497119,355583.479872212,10,43.8,39.4,28.8
"255",2011-05-01,"Biobío",1,27962.2981533842,418286.968434588,390324.670281204,602389,63639.2193740513,453963.889655255,6.7,69.4,64.8,14
"256",2011-05-01,"Biobío",2,28617.6781821299,283747.855198099,255130.17701597,643558,93943.0219921558,349073.199008125,10.1,44.1,39.6,26.9
"257",2010-02-01,"La Araucanía",1,18578.0859571927,265523.482413382,246945.39645619,357557,47212.2877053675,294157.684161557,7,74.3,69.1,16
"258",2010-02-01,"La Araucanía",2,19129.2296016703,168735.433461842,149606.203860172,378280,74196.9275293871,223803.131389559,11.3,44.6,39.5,33.2
"259",2010-03-01,"La Araucanía",1,17688.5719342197,263534.604483805,245846.032549585,357917,43595.6286147771,289441.661164362,6.7,73.6,68.7,15.1
"260",2010-03-01,"La Araucanía",2,18389.0592305244,168987.720274486,150598.661043962,378717,66916.609837893,217515.270881855,10.9,44.6,39.8,30.8
"261",2010-04-01,"La Araucanía",1,13524.3189115555,260980.394356651,247456.075445095,358274,40719.3646948405,288175.440139936,5.2,72.8,69.1,14.1
"262",2010-04-01,"La Araucanía",2,19416.403208924,168476.162135604,149059.75892668,379139,68180.8081035779,217240.567030258,11.5,44.4,39.3,31.4
"263",2010-05-01,"La Araucanía",1,15676.8215672907,255474.248215879,239797.426648588,358644,42579.8831722991,282377.309820887,6.1,71.2,66.9,15.1
"264",2010-05-01,"La Araucanía",2,18292.7719674421,164324.41412408,146031.642156638,379551,76421.8157810589,222453.457937696,11.1,43.3,38.5,34.4
"265",2010-06-01,"La Araucanía",1,15681.8460666212,261576.397630761,245894.55156414,358999,44173.2398599651,290067.791424105,6,72.9,68.5,15.2
"266",2010-06-01,"La Araucanía",2,19827.4146408409,166649.054923255,146821.640282414,379976,82658.9738153467,229480.614097761,11.9,43.9,38.6,36
"267",2010-07-01,"La Araucanía",1,16968.5762596345,260523.137300971,243554.561041337,359348,49739.8315151953,293294.392556532,6.5,72.5,67.8,17
"268",2010-07-01,"La Araucanía",2,18825.8389897836,167427.651722297,148601.812732513,380398,81547.8568436743,230149.669576187,11.2,44,39.1,35.4
"269",2010-08-01,"La Araucanía",1,16900.6910867847,260922.907483036,244022.216396252,359688,49423.296662262,293445.513058514,6.5,72.5,67.8,16.8
"270",2010-08-01,"La Araucanía",2,21203.2577184811,168262.363890518,147059.106172037,380836,82003.8821566552,229062.988328692,12.6,44.2,38.6,35.8
"271",2010-09-01,"La Araucanía",1,17763.64707824,256230.563845728,238466.916767488,360034,51877.0428391688,290343.959606657,6.9,71.2,66.2,17.9
"272",2010-09-01,"La Araucanía",2,20076.1122457715,168247.450747382,148171.338501611,381225,78758.9905747877,226930.329076398,11.9,44.1,38.9,34.7
"273",2010-10-01,"La Araucanía",1,18304.8101565389,255453.774514478,237148.964357939,360382,50654.9950100447,287803.959367984,7.2,70.9,65.8,17.6
"274",2010-10-01,"La Araucanía",2,20659.1461852893,167854.697892745,147195.551707456,381661,78355.2678610571,225550.819568513,12.3,44,38.6,34.7
"275",2010-11-01,"La Araucanía",1,17742.6038602745,251946.226334216,234203.622473942,360710,49694.1069144045,283897.729388346,7,69.8,64.9,17.5
"276",2010-11-01,"La Araucanía",2,17252.2306624303,167341.923819523,150089.693157093,382080,69611.1303750277,219700.823532121,10.3,43.8,39.3,31.7
"277",2010-12-01,"La Araucanía",1,13535.6767448128,251387.56191802,237851.885173207,361085,44304.1546039598,282156.039777167,5.4,69.6,65.9,15.7
"278",2010-12-01,"La Araucanía",2,16590.2205676575,163111.978477823,146521.757910165,382477,70274.2466111801,216796.004521345,10.2,42.6,38.3,32.4
"279",2011-01-01,"La Araucanía",1,13310.5666446713,258355.040967856,245044.474323185,361419,43002.7438547296,288047.218177915,5.2,71.5,67.8,14.9
"280",2011-01-01,"La Araucanía",2,17177.4939980852,168448.154804064,151270.660805979,382898,73566.5889269787,224837.249732958,10.2,44,39.5,32.7
"281",2011-02-01,"La Araucanía",1,14282.5062221842,267585.57688322,253303.070661036,361766,43493.3412513787,296796.411912414,5.3,74,70,14.7
"282",2011-02-01,"La Araucanía",2,18365.1316138738,172313.918936383,153948.787322509,383291,78855.985360411,232804.77268292,10.7,45,40.2,33.9
"283",2011-03-01,"La Araucanía",1,17055.1912814535,271077.537269522,254022.345988069,362101,43309.1903057575,297331.536293826,6.3,74.9,70.2,14.6
"284",2011-03-01,"La Araucanía",2,21208.7768065292,178038.946528601,156830.169722072,383704,79000.7300284461,235830.899750518,11.9,46.4,40.9,33.5
"285",2011-04-01,"La Araucanía",1,15378.1091351534,273931.255960727,258553.146825574,362437,39840.7330306094,298393.879856183,5.6,75.6,71.3,13.4
"286",2011-04-01,"La Araucanía",2,19474.1220761035,184128.627461182,164654.505385079,384140,76243.0419175612,240897.54730264,10.6,47.9,42.9,31.6
"287",2011-05-01,"La Araucanía",1,15227.4598504207,273376.05991844,258148.60006802,362787,40214.0335070275,298362.633575047,5.6,75.4,71.2,13.5
"288",2011-05-01,"La Araucanía",2,24550.2115888282,183133.043055171,158582.831466343,384561,78623.5241667375,237206.35563308,13.4,47.6,41.2,33.1
"289",2010-02-01,"Los Lagos",1,12819.7765565964,235010.763794583,222190.987237987,313108,23198.2429186288,245389.230156616,5.5,75.1,71,9.5
"290",2010-02-01,"Los Lagos",2,7958.53162982807,134786.271487199,126827.739857371,318514,24389.185003952,151216.924861323,5.9,42.3,39.8,16.1
"291",2010-03-01,"Los Lagos",1,14912.9784877759,233485.00076749,218572.022279714,313530,26593.1351678147,245165.157447529,6.4,74.5,69.7,10.8
"292",2010-03-01,"Los Lagos",2,8223.46622373922,139730.317688222,131506.851464482,318906,26530.5446185792,158037.396083062,5.9,43.8,41.2,16.8
"293",2010-04-01,"Los Lagos",1,14619.0207444865,229323.225664058,214704.204919571,313930,26840.8464405603,241545.051360132,6.4,73,68.4,11.1
"294",2010-04-01,"Los Lagos",2,8715.27855098239,139009.917112395,130294.638561412,319318,29578.7919242549,159873.430485667,6.3,43.5,40.8,18.5
"295",2010-05-01,"Los Lagos",1,12366.5391683506,224733.305436075,212366.766267725,314307,26826.0521295382,239192.818397263,5.5,71.5,67.6,11.2
"296",2010-05-01,"Los Lagos",2,9140.93939295562,137152.801457189,128011.862064233,319749,33441.299474696,161453.161538929,6.7,42.9,40,20.7
"297",2010-06-01,"Los Lagos",1,11962.724448327,227302.059301912,215339.334853585,314721,24441.0017289763,239780.336582561,5.3,72.2,68.4,10.2
"298",2010-06-01,"Los Lagos",2,6875.60330889324,134884.928400448,128009.325091554,320182,29064.2469875794,157073.572079134,5.1,42.1,40,18.5
"299",2010-07-01,"Los Lagos",1,12251.0899916041,230496.716546177,218245.626554573,315114,24719.7532130924,242965.379767665,5.3,73.1,69.3,10.2
"300",2010-07-01,"Los Lagos",2,6789.72074168006,137200.062356572,130410.341614892,320605,30501.5079451313,160911.849560023,4.9,42.8,40.7,19
"301",2010-08-01,"Los Lagos",1,12566.1268424825,231802.895966464,219236.769123982,315519,25102.3593947965,244339.128518778,5.4,73.5,69.5,10.3
"302",2010-08-01,"Los Lagos",2,6631.78662253335,144066.311364218,137434.524741685,321020,29673.1989413559,167107.723683041,4.6,44.9,42.8,17.8
"303",2010-09-01,"Los Lagos",1,11550.0799605477,231060.607782028,219510.52782148,315904,22339.2274771124,241849.755298593,5,73.1,69.5,9.2
"304",2010-09-01,"Los Lagos",2,7206.25414665701,144837.944823737,137631.69067708,321420,28889.1919598833,166520.882636964,5,45.1,42.8,17.3
"305",2010-10-01,"Los Lagos",1,8476.66295773549,230274.400425951,221797.737468216,316280,20609.1216734404,242406.859141656,3.7,72.8,70.1,8.5
"306",2010-10-01,"Los Lagos",2,6818.75824707108,143444.717473512,136625.959226441,321874,28402.1258658004,165028.085092241,4.8,44.6,42.4,17.2
"307",2010-11-01,"Los Lagos",1,8030.36029448249,231568.034458686,223537.674164203,316679,20287.3427924961,243825.016956699,3.5,73.1,70.6,8.3
"308",2010-11-01,"Los Lagos",2,6287.61855814255,142559.385607892,136271.76704975,322300,29277.4121281179,165549.179177867,4.4,44.2,42.3,17.7
"309",2010-12-01,"Los Lagos",1,5238.57155266573,228807.585991845,223569.014439179,317086,18543.2090393687,242112.223478548,2.3,72.2,70.5,7.7
"310",2010-12-01,"Los Lagos",2,5537.83073070526,143738.352772211,138200.522041506,322724,28258.4891344396,166459.011175945,3.9,44.5,42.8,17
"311",2011-01-01,"Los Lagos",1,5266.62769674673,229080.149173779,223813.521477032,317472,16447.6811890609,240261.202666093,2.3,72.2,70.5,6.8
"312",2011-01-01,"Los Lagos",2,6068.62532700009,141735.051675833,135666.426348833,323148,29254.6298720278,164921.056220861,4.3,43.9,42,17.7
"313",2011-02-01,"Los Lagos",1,5551.37825617203,234662.311032292,229110.93277612,317887,15009.4142217901,244120.34699791,2.4,73.8,72.1,6.1
"314",2011-02-01,"Los Lagos",2,7689.15594513803,142845.58636117,135156.430416032,323599,27070.4722939928,162226.902710024,5.4,44.1,41.8,16.7
"315",2011-03-01,"Los Lagos",1,7066.40241857911,235570.021770497,228503.619351918,318274,15204.1402603824,243707.759612301,3,74,71.8,6.2
"316",2011-03-01,"Los Lagos",2,9509.77002577849,141637.430259136,132127.660233357,323994,30231.9419421936,162359.602175551,6.7,43.7,40.8,18.6
"317",2011-04-01,"Los Lagos",1,7891.28541824739,236281.543893163,228390.258474916,318661,16854.5489970548,245244.807471971,3.3,74.1,71.7,6.9
"318",2011-04-01,"Los Lagos",2,8394.22205541441,143816.985313204,135422.76325779,324401,29025.1326865313,164447.895944321,5.8,44.3,41.7,17.7
"319",2011-05-01,"Los Lagos",1,7432.81388567029,237226.516352955,229793.702467285,319073,18651.5365088208,248445.238976106,3.1,74.3,72,7.5
"320",2011-05-01,"Los Lagos",2,6346.70651423261,143008.354739671,136661.648225439,324839,31045.4813105774,167707.129536016,4.4,44,42.1,18.5
"321",2010-02-01,"Aysén",1,824.923968577589,31266.5927177806,30441.668749203,38626,2571.74430835199,33013.413057555,2.6,80.9,78.8,7.8
"322",2010-02-01,"Aysén",2,1354.67355378831,20564.3689810866,19209.6954272983,36812,4992.29118263067,24201.9866099289,6.6,55.9,52.2,20.6
"323",2010-03-01,"Aysén",1,824.387315670435,31020.4395872557,30196.0522715853,38655,2425.45146121808,32621.5037328033,2.7,80.2,78.1,7.4
"324",2010-03-01,"Aysén",2,1359.39010492762,20403.3843722903,19043.9942673627,36862,5047.70959916678,24091.7038665294,6.7,55.4,51.7,21
"325",2010-04-01,"Aysén",1,737.890194223732,31460.4792186179,30722.5890243942,38704,1973.15631725568,32695.7453416499,2.3,81.3,79.4,6
"326",2010-04-01,"Aysén",2,1251.714446244,20792.3065764935,19540.5921302495,36910,4400.70788173172,23941.3000119813,6,56.3,52.9,18.4
"327",2010-05-01,"Aysén",1,1149.51385664344,31160.2788065403,30010.7649498969,38737,2449.43020466143,32460.1951545583,3.7,80.4,77.5,7.5
"328",2010-05-01,"Aysén",2,1105.25548950721,20933.0731210221,19827.8176315149,36943,4046.59468576195,23874.4123172769,5.3,56.7,53.7,16.9
"329",2010-06-01,"Aysén",1,994.234949307687,31265.4786544934,30271.2437051857,38767,2378.57779876149,32649.8215039472,3.2,80.6,78.1,7.3
"330",2010-06-01,"Aysén",2,1182.86702516441,21597.5716117181,20414.7045865537,37001,4023.88609335352,24438.5906799072,5.5,58.4,55.2,16.5
"331",2010-07-01,"Aysén",1,1279.11168220479,30809.6241195647,29530.5124373599,38810,3075.52678138765,32606.0392187475,4.2,79.4,76.1,9.4
"332",2010-07-01,"Aysén",2,1287.46864273122,21650.7030780819,20363.2344353507,37044,4180.23962352339,24543.4740588741,5.9,58.4,55,17
"333",2010-08-01,"Aysén",1,1018.48947730817,31514.1320496197,30495.6425723115,38853,2601.30794926794,33096.9505215795,3.2,81.1,78.5,7.9
"334",2010-08-01,"Aysén",2,1328.31707035502,22677.1741498725,21348.8570795175,37100,4515.77481568398,25864.6318952015,5.9,61.1,57.5,17.5
"335",2010-09-01,"Aysén",1,1143.2567812105,31039.2886110512,29896.0318298407,38883,3072.23108663918,32968.2629164799,3.7,79.8,76.9,9.3
"336",2010-09-01,"Aysén",2,1132.27718358541,23527.963481097,22395.6862975116,37142,4285.44473360962,26681.1310311212,4.8,63.3,60.3,16.1
"337",2010-10-01,"Aysén",1,1212.57064261956,31729.2635068342,30516.6928642146,38931,2741.47094513357,33258.1638093482,3.8,81.5,78.4,8.2
"338",2010-10-01,"Aysén",2,1134.17243182491,23978.7680939116,22844.5956620867,37188,4123.10747746857,26967.7031395552,4.7,64.5,61.4,15.3
"339",2010-11-01,"Aysén",1,1198.20900727447,31131.9020464077,29933.6930391332,38950,3024.91324878995,32958.6062879231,3.8,79.9,76.9,9.2
"340",2010-11-01,"Aysén",2,1275.90800180591,23541.4024648204,22265.4944630145,37225,3868.88352857765,26134.3779915921,5.4,63.2,59.8,14.8
"341",2010-12-01,"Aysén",1,1205.90537217523,31385.4983030152,30179.59293084,38993,2864.88709972645,33044.4800305665,3.8,80.5,77.4,8.7
"342",2010-12-01,"Aysén",2,1155.4076329443,22869.425706245,21714.0180733007,37278,3861.07568309905,25575.0937563998,5.1,61.3,58.2,15.1
"343",2011-01-01,"Aysén",1,832.569255385293,31111.9425267386,30279.3732713533,39036,3006.91845011443,33286.2917214677,2.7,79.7,77.6,9
"344",2011-01-01,"Aysén",2,1130.44581053629,21995.7228670401,20865.2770565038,37317,4086.6328915832,24951.909948087,5.1,58.9,55.9,16.4
"345",2011-02-01,"Aysén",1,892.223864102351,30912.9336650641,30020.7098009618,39079,2792.25210036269,32812.9619013245,2.9,79.1,76.8,8.5
"346",2011-02-01,"Aysén",2,1066.50131562114,21732.5914530544,20666.0901374332,37359,3897.19508199291,24563.2852194261,4.9,58.2,55.3,15.9
"347",2011-03-01,"Aysén",1,1068.69720162431,29927.9498981555,28859.2526965312,39102,3041.36258167184,31900.615278203,3.6,76.5,73.8,9.5
"348",2011-03-01,"Aysén",2,1530.43285008827,21264.0503833066,19733.6175332183,37407,4530.68880410117,24264.3063373194,7.2,56.8,52.8,18.7
"349",2011-04-01,"Aysén",1,1279.64242426974,30358.1284236229,29078.4859993531,39144,2724.72011101836,31803.2061103715,4.2,77.6,74.3,8.6
"350",2011-04-01,"Aysén",2,1577.76808421573,21880.2977516895,20302.5296674738,37461,4678.83919690709,24981.3688643808,7.2,58.4,54.2,18.7
"351",2011-05-01,"Aysén",1,1339.02429557022,30819.7486866385,29480.7243910683,39169,2871.87763931379,32352.6020303821,4.3,78.7,75.3,8.9
"352",2011-05-01,"Aysén",2,1600.16744091686,22504.9108925232,20904.7434516063,37499,4419.23500530911,25323.9784569154,7.1,60,55.7,17.5
"353",2010-02-01,"Magallanes",1,1557.58091403006,48141.596472649,46584.0155586189,64710,5807.01083980175,52391.0263984207,3.2,74.4,72,11.1
"354",2010-02-01,"Magallanes",2,2884.35377484876,31443.5130007706,28559.1592259219,62503,7603.97196891597,36163.1311948378,9.2,50.3,45.7,21
"355",2010-03-01,"Magallanes",1,1417.37503375041,47344.2779614413,45926.9029276909,64781,5046.79038225313,50973.693309944,3,73.1,70.9,9.9
"356",2010-03-01,"Magallanes",2,2834.24319800779,30746.8879307018,27912.644732694,62575,7405.44490213374,35318.0896348277,9.2,49.1,44.6,21
"357",2010-04-01,"Magallanes",1,1491.32747301496,46580.339762684,45089.012289669,64850,5818.97839095538,50907.9906806244,3.2,71.8,69.5,11.4
"358",2010-04-01,"Magallanes",2,2056.08318485932,30915.7199529823,28859.636768123,62638,6523.80403748554,35383.4408056085,6.7,49.4,46.1,18.4
"359",2010-05-01,"Magallanes",1,1891.98269415717,47677.0550632392,45785.0723690821,64913,5645.57169355768,51430.6440626398,4,73.4,70.5,11
"360",2010-05-01,"Magallanes",2,1849.52749449901,31804.7960528156,29955.2685583166,62704,6483.55987190798,36438.8284302246,5.8,50.7,47.8,17.8
"361",2010-06-01,"Magallanes",1,1527.17918347141,47461.9686642563,45934.7894807849,64985,5351.15938375352,51285.9488645384,3.2,73,70.7,10.4
"362",2010-06-01,"Magallanes",2,1904.67878135754,32394.9034560261,30490.2246746685,62778,6687.64715664562,37177.8718313141,5.9,51.6,48.6,18
"363",2010-07-01,"Magallanes",1,2191.54546237625,48779.2584706482,46587.7130082719,65054,5015.72669817579,51603.4397064477,4.5,75,71.6,9.7
"364",2010-07-01,"Magallanes",2,1654.49263438844,32034.4935548313,30380.0009204429,62841,5944.44754535933,36324.4484658022,5.2,51,48.3,16.4
"365",2010-08-01,"Magallanes",1,2211.02991150717,48803.3380181983,46592.3081066911,65132,4776.86679327148,51369.1748999626,4.5,74.9,71.5,9.3
"366",2010-08-01,"Magallanes",2,1705.69628198196,30847.424762885,29141.7284809031,62923,6272.43278793943,35414.1612688425,5.5,49,46.3,17.7
"367",2010-09-01,"Magallanes",1,2008.43101482469,48711.3223458775,46702.8913310528,65206,4729.89099514884,51432.7823262017,4.1,74.7,71.6,9.2
"368",2010-09-01,"Magallanes",2,2180.90625406099,30916.139056995,28735.232802934,62990,7385.01579953107,36120.2486024651,7.1,49.1,45.6,20.4
"369",2010-10-01,"Magallanes",1,1869.22660719706,47783.5071943544,45914.2805871573,65273,5403.17155044202,51317.4521375993,3.9,73.2,70.3,10.5
"370",2010-10-01,"Magallanes",2,2468.02247277719,30928.8004354355,28460.7779626583,63060,8585.04866205644,37045.8266247148,8,49,45.1,23.2
"371",2010-11-01,"Magallanes",1,1891.99630997637,46830.1800738024,44938.183763826,65342,5923.50464448438,50861.6884083104,4,71.7,68.8,11.6
"372",2010-11-01,"Magallanes",2,2424.23149096928,31762.6644650138,29338.4329740445,63138,8565.13259876851,37903.565572813,7.6,50.3,46.5,22.6
"373",2010-12-01,"Magallanes",1,2165.76209797826,47997.8462330775,45832.0841350993,65411,5188.63323300569,51020.717368105,4.5,73.4,70.1,10.2
"374",2010-12-01,"Magallanes",2,2412.40133623808,32894.3048352494,30481.9034990113,63207,7723.60847778249,38205.5119767938,7.3,52,48.2,20.2
"375",2011-01-01,"Magallanes",1,2075.16316766536,47579.0010997939,45503.8379321286,65487,5167.1725088528,50671.0104409814,4.4,72.7,69.5,10.2
"376",2011-01-01,"Magallanes",2,2014.76460160265,31369.4200640849,29354.6554624823,63279,7189.41786690206,36544.0733293844,6.4,49.6,46.4,19.7
"377",2011-02-01,"Magallanes",1,2004.31736871818,49866.3729453021,47862.055576584,65557,4136.75928164592,51998.8148582299,4,76.1,73,8
"378",2011-02-01,"Magallanes",2,2124.26194203596,31712.0704669389,29587.808524903,63344,6556.45685569864,36144.2653806016,6.7,50.1,46.7,18.1
"379",2011-03-01,"Magallanes",1,1455.31494659871,49334.2909100309,47878.9759634322,65632,4120.45732052654,51999.4332839587,2.9,75.2,73,7.9
"380",2011-03-01,"Magallanes",2,1587.70063762533,30410.0278752711,28822.3272376458,63413,6107.18361080283,34929.5108484486,5.2,48,45.5,17.5
"381",2011-04-01,"Magallanes",1,1425.13180379784,49530.0696983606,48104.9378945628,65699,3363.7153599197,51468.6532544825,2.9,75.4,73.2,6.5
"382",2011-04-01,"Magallanes",2,1397.48120181965,30630.9458540621,29233.4646522424,63484,6342.53798724457,35576.002639487,4.6,48.2,46,17.8
"383",2011-05-01,"Magallanes",1,1347.80990798493,49958.5551119005,48610.7452039156,65775,3833.33586505919,52444.0810689748,2.7,76,73.9,7.3
"384",2011-05-01,"Magallanes",2,1344.74196176342,29824.4235313669,28479.6815696035,63560,7146.6715373854,35626.3531069889,4.5,46.9,44.8,20.1
"385",2010-02-01,"Metropolitana de Santiago",1,126681.582221338,2034068.16914927,1907386.58692793,2643934,220245.991479259,2127632.57840719,6.2,76.9,72.1,10.4
"386",2010-02-01,"Metropolitana de Santiago",2,114314.402792252,1440884.16829052,1326569.76549827,2831961,307738.159314832,1634307.9248131,7.9,50.9,46.8,18.8
"387",2010-03-01,"Metropolitana de Santiago",1,129084.14758657,2034141.60893284,1905057.46134627,2647813,232148.029699922,2137205.49104619,6.3,76.8,71.9,10.9
"388",2010-03-01,"Metropolitana de Santiago",2,127008.419134552,1471585.11963317,1344576.70049862,2835505,314923.599395711,1659500.29989433,8.6,51.9,47.4,19
"389",2010-04-01,"Metropolitana de Santiago",1,124910.611708956,2037655.69056776,1912745.0788588,2651673,223230.347510151,2135975.42636895,6.1,76.8,72.1,10.5
"390",2010-04-01,"Metropolitana de Santiago",2,129455.503969537,1490172.47070283,1360716.96673329,2839020,294105.656186354,1654822.62291964,8.7,52.5,47.9,17.8
"391",2010-05-01,"Metropolitana de Santiago",1,118010.232511747,2033845.69362951,1915835.46111776,2655466,208146.568767968,2123982.02988573,5.8,76.6,72.1,9.8
"392",2010-05-01,"Metropolitana de Santiago",2,141020.339893779,1529673.2745815,1388652.93468772,2842593,291699.404989689,1680352.33967741,9.2,53.8,48.9,17.4
"393",2010-06-01,"Metropolitana de Santiago",1,113712.637220192,2041288.39142374,1927575.75420355,2659286,202509.366018803,2130085.12022235,5.6,76.8,72.5,9.5
"394",2010-06-01,"Metropolitana de Santiago",2,127184.846890125,1535417.21200288,1408232.36511275,2846106,278922.713295981,1687155.07840873,8.3,53.9,49.5,16.5
"395",2010-07-01,"Metropolitana de Santiago",1,127805.177854893,2036181.55089237,1908376.37303748,2663148,213518.109879205,2121894.48291669,6.3,76.5,71.7,10.1
"396",2010-07-01,"Metropolitana de Santiago",2,126262.789646833,1538123.75717725,1411860.96753041,2849648,281525.663994467,1693386.63152488,8.2,54,49.5,16.6
"397",2010-08-01,"Metropolitana de Santiago",1,137713.636253961,2061696.02871547,1923982.39246151,2666921,222782.738491021,2146765.13095253,6.7,77.3,72.1,10.4
"398",2010-08-01,"Metropolitana de Santiago",2,121425.078616741,1529883.38965581,1408458.31103907,2853202,276960.121380742,1685418.43241981,7.9,53.6,49.4,16.4
"399",2010-09-01,"Metropolitana de Santiago",1,141874.984451166,2070362.58688018,1928487.60242901,2670711,222439.853480054,2150927.45590907,6.9,77.5,72.2,10.3
"400",2010-09-01,"Metropolitana de Santiago",2,131561.245075482,1537675.1571959,1406113.91212041,2856677,293270.464347087,1699384.3764675,8.6,53.8,49.2,17.3
"401",2010-10-01,"Metropolitana de Santiago",1,140021.776289388,2064776.60195201,1924754.82566262,2674493,227606.349855431,2152361.17551805,6.8,77.2,72,10.6
"402",2010-10-01,"Metropolitana de Santiago",2,140462.721852877,1552359.52536142,1411896.80350855,2860189,305295.788742138,1717192.59225069,9,54.3,49.4,17.8
"403",2010-11-01,"Metropolitana de Santiago",1,138756.514602007,2051335.51759262,1912579.00299061,2678268,226095.962758037,2138674.96574865,6.8,76.6,71.4,10.6
"404",2010-11-01,"Metropolitana de Santiago",2,144041.287620775,1547465.52175264,1403424.23413187,2863678,310586.680455576,1714010.91458744,9.3,54,49,18.1
"405",2010-12-01,"Metropolitana de Santiago",1,128997.150168671,2045825.26821031,1916828.11804164,2682036,221546.74470788,2138374.86274952,6.3,76.3,71.5,10.4
"406",2010-12-01,"Metropolitana de Santiago",2,128887.891298823,1542914.60498993,1414026.71369111,2867176,299625.32163575,1713652.03532686,8.4,53.8,49.3,17.5
"407",2011-01-01,"Metropolitana de Santiago",1,136853.909780717,2044178.5219184,1907324.61213768,2685809,230393.248167536,2137717.86030521,6.7,76.1,71,10.8
"408",2011-01-01,"Metropolitana de Santiago",2,118350.875042675,1514198.18917787,1395847.3141352,2870674,305059.995792779,1700907.30992798,7.8,52.7,48.6,17.9
"409",2011-02-01,"Metropolitana de Santiago",1,116844.682336909,2045559.15376563,1928714.47142872,2689578,209520.872350776,2138235.3437795,5.7,76.1,71.7,9.8
"410",2011-02-01,"Metropolitana de Santiago",2,109438.041564609,1506905.94833483,1397467.90677022,2874146,282228.293926317,1679696.20069654,7.3,52.4,48.6,16.8
"411",2011-03-01,"Metropolitana de Santiago",1,111063.870907193,2049440.36720949,1938376.49630229,2693378,197588.567166319,2135965.06346861,5.4,76.1,72,9.3
"412",2011-03-01,"Metropolitana de Santiago",2,128990.949154285,1514606.02859042,1385615.07943614,2877616,281009.099803593,1666624.17923973,8.5,52.6,48.2,16.9
"413",2011-04-01,"Metropolitana de Santiago",1,116640.379296977,2059568.9953516,1942928.61605463,2697153,195656.600936915,2138585.21699154,5.7,76.4,72,9.1
"414",2011-04-01,"Metropolitana de Santiago",2,129320.790897531,1526052.19923894,1396731.40834141,2881117,260902.237643587,1657633.645985,8.5,53,48.5,15.7
"415",2011-05-01,"Metropolitana de Santiago",1,129405.382553129,2070212.86383609,1940807.48128296,2700915,199155.971706185,2139963.45298914,6.3,76.6,71.9,9.3
"416",2011-05-01,"Metropolitana de Santiago",2,131577.03429856,1537406.4332498,1405829.39895125,2884644,254196.974064687,1660026.37301593,8.6,53.3,48.7,15.3
"417",2010-02-01,"Los Ríos",1,6637.223973434,103365.942329492,96728.7183560584,146798,19521.8808458709,116250.599201929,6.4,70.4,65.9,16.8
"418",2010-02-01,"Los Ríos",2,6596.21567163598,66278.6248913305,59682.4092196945,152383,28865.3785546697,88547.7877743643,10,43.5,39.2,32.6
"419",2010-03-01,"Los Ríos",1,7212.89676846867,102219.35087055,95006.4541020817,146922,18465.8811964697,113472.335298551,7.1,69.6,64.7,16.3
"420",2010-03-01,"Los Ríos",2,5937.9396388706,65937.7706508124,59999.8310119418,152544,27296.4262870795,87296.2572990213,9,43.2,39.3,31.3
"421",2010-04-01,"Los Ríos",1,5542.51064725937,100387.531797907,94845.0211506479,147059,17407.2951918905,112252.316342538,5.5,68.3,64.5,15.5
"422",2010-04-01,"Los Ríos",2,5284.49967824122,63042.9348627807,57758.4351845395,152704,28195.9760538777,85954.4112384172,8.4,41.3,37.8,32.8
"423",2010-05-01,"Los Ríos",1,7798.42787992304,101187.135418858,93388.7075389348,147177,20014.6250686715,113403.332607606,7.7,68.8,63.5,17.6
"424",2010-05-01,"Los Ríos",2,7326.48531548295,59669.4685833205,52342.9832678376,152867,33321.8929659669,85664.8762338045,12.3,39,34.2,38.9
"425",2010-06-01,"Los Ríos",1,7203.48730450749,103567.16397162,96363.6766671122,147309,19692.2003932327,116055.877060345,7,70.3,65.4,17
"426",2010-06-01,"Los Ríos",2,7390.34863801336,60819.5878243461,53429.2391863328,153042,34651.335288236,88080.5744745688,12.2,39.7,34.9,39.3
"427",2010-07-01,"Los Ríos",1,8532.3168033752,104487.369000214,95955.0521968383,147444,21839.2826666435,117794.334863482,8.2,70.9,65.1,18.5
"428",2010-07-01,"Los Ríos",2,7599.55671037312,63746.7494254202,56147.1927150471,153210,36693.3995640061,92840.5922790531,11.9,41.6,36.6,39.5
"429",2010-08-01,"Los Ríos",1,8290.96662165685,107413.606769687,99122.64014803,147559,21342.2602243452,120464.900372375,7.7,72.8,67.2,17.7
"430",2010-08-01,"Los Ríos",2,5958.77702567534,65088.7797697386,59130.0027440633,153374,36618.4748366217,95748.477580685,9.2,42.4,38.6,38.2
"431",2010-09-01,"Los Ríos",1,7967.89571015701,107761.266382793,99793.370672636,147682,21832.4305631067,121625.801235743,7.4,73,67.6,18
"432",2010-09-01,"Los Ríos",2,5902.61869609777,66549.7059520773,60647.0872559795,153532,36445.7161571845,97092.8034131641,8.9,43.3,39.5,37.5
"433",2010-10-01,"Los Ríos",1,6688.95543120635,107455.128137315,100766.172706109,147802,21769.4670293057,122535.639735414,6.2,72.7,68.2,17.8
"434",2010-10-01,"Los Ríos",2,5507.09759311642,68196.9606499901,62689.8630568737,153689,38132.314977536,100822.17803441,8.1,44.4,40.8,37.8
"435",2010-11-01,"Los Ríos",1,6103.74537524435,109665.628077896,103561.882702651,147928,19890.1406315868,123452.023334238,5.6,74.1,70,16.1
"436",2010-11-01,"Los Ríos",2,6104.80206062374,69570.224683863,63465.4226232393,153856,37342.1808430209,100807.60346626,8.8,45.2,41.2,37
"437",2010-12-01,"Los Ríos",1,6033.60259577124,109121.398864929,103087.796269157,148063,19614.1900005975,122701.986269755,5.5,73.7,69.6,16
"438",2010-12-01,"Los Ríos",2,6358.04068772006,69470.8688022524,63112.8281145324,154018,38541.1066940313,101653.934808564,9.2,45.1,41,37.9
"439",2011-01-01,"Los Ríos",1,6157.49863390532,112202.285969947,106044.787336042,148199,17991.9981703285,124036.78550637,5.5,75.7,71.6,14.5
"440",2011-01-01,"Los Ríos",2,7906.38214082164,70269.3410236468,62362.9588828252,154166,36906.6637639175,99269.6226467427,11.3,45.6,40.5,37.2
"441",2011-02-01,"Los Ríos",1,4547.21583636017,111750.355505124,107203.139668764,148313,16461.4290921501,123664.568760914,4.1,75.3,72.3,13.3
"442",2011-02-01,"Los Ríos",2,8441.44000921164,72552.959794752,64111.5197855403,154332,36289.9550627358,100401.474848276,11.6,47,41.5,36.1
"443",2011-03-01,"Los Ríos",1,4343.31738543247,111541.845507492,107198.528122059,148427,14963.1957953158,122161.723917375,3.9,75.1,72.2,12.2
"444",2011-03-01,"Los Ríos",2,8363.06487480835,73097.4502075898,64734.3853327815,154486,34710.2037823116,99444.5891150931,11.4,47.3,41.9,34.9
"445",2011-04-01,"Los Ríos",1,4383.39497132146,110853.26819061,106469.873219288,148564,13364.7810357965,119834.654255085,4,74.6,71.7,11.2
"446",2011-04-01,"Los Ríos",2,5605.10983127148,71040.3856844484,65435.2758531769,154650,33651.8296313908,99087.1054845677,7.9,45.9,42.3,34
"447",2011-05-01,"Los Ríos",1,4766.63991480864,107569.458122848,102802.81820804,148691,15701.4512367551,118504.269444795,4.4,72.3,69.1,13.2
"448",2011-05-01,"Los Ríos",2,4874.3048923098,69160.2103871288,64285.905494819,154823,32646.1947940182,96932.1002888372,7,44.7,41.5,33.7
"449",2010-02-01,"Arica y Parinacota",1,4099.63334048962,60425.6434927564,56326.0101522668,81683,8903.07859007973,65229.0887423465,6.8,74,69,13.6
"450",2010-02-01,"Arica y Parinacota",2,4744.36773957921,43253.3186916965,38508.9509521173,84832,13136.8994108803,51645.8503629976,11,51,45.4,25.4
"451",2010-03-01,"Arica y Parinacota",1,4719.90416001734,60707.0914068138,55987.1872467965,81809,9555.64643561551,65542.833682412,7.8,74.2,68.4,14.6
"452",2010-03-01,"Arica y Parinacota",2,5129.87662517701,43681.0682796958,38551.1916545188,84960,13379.1300696081,51930.3217241269,11.7,51.4,45.4,25.8
"453",2010-04-01,"Arica y Parinacota",1,4166.02143344949,60666.4768591386,56500.4554256891,81947,8106.98249807651,64607.4379237656,6.9,74,68.9,12.5
"454",2010-04-01,"Arica y Parinacota",2,4483.1425811746,44336.983268335,39853.8406871604,85078,11621.0653190666,51474.906006227,10.1,52.1,46.8,22.6
"455",2010-05-01,"Arica y Parinacota",1,4449.54986716653,60503.1982398892,56053.6483727227,82074,8434.44622416136,64488.0945968841,7.4,73.7,68.3,13.1
"456",2010-05-01,"Arica y Parinacota",2,4665.22663772538,44671.4920800228,40006.2654422975,85203,10518.0710651138,50524.3365074112,10.4,52.4,47,20.8
"457",2010-06-01,"Arica y Parinacota",1,4140.19434167697,60499.8810625678,56359.6867208908,82209,7722.94021043695,64082.6269313278,6.8,73.6,68.6,12.1
"458",2010-06-01,"Arica y Parinacota",2,3939.78685701216,43571.9864354534,39632.1995784412,85328,9509.05142068275,49141.250999124,9,51.1,46.4,19.4
"459",2010-07-01,"Arica y Parinacota",1,4143.26665652491,61328.2591958003,57184.9925392754,82333,7178.30488845072,64363.2974277262,6.8,74.5,69.5,11.2
"460",2010-07-01,"Arica y Parinacota",2,4188.84363604028,43007.9490253564,38819.1053893161,85457,9373.06582122367,48192.1712105398,9.7,50.3,45.4,19.4
"461",2010-08-01,"Arica y Parinacota",1,3909.1762113414,62505.037724125,58595.8615127836,82466,6814.79667453917,65410.6581873228,6.3,75.8,71.1,10.4
"462",2010-08-01,"Arica y Parinacota",2,3908.47919461921,43322.6355567985,39414.1563621793,85588,9124.02082398803,48538.1771861674,9,50.6,46.1,18.8
"463",2010-09-01,"Arica y Parinacota",1,3645.66606641672,62190.8936086996,58545.2275422829,82612,7161.35260706411,65706.580149347,5.9,75.3,70.9,10.9
"464",2010-09-01,"Arica y Parinacota",2,3715.10439753952,43126.889042605,39411.7846450655,85712,9581.82340384041,48993.6080489059,8.6,50.3,46,19.6
"465",2010-10-01,"Arica y Parinacota",1,4269.18441823334,61050.9696930289,56781.7852747956,82748,8677.47606484132,65459.2613396369,7,73.8,68.6,13.3
"466",2010-10-01,"Arica y Parinacota",2,3447.75614814804,41534.6356380182,38086.8794898701,85836,10157.542443319,48244.4219331892,8.3,48.4,44.4,21.1
"467",2010-11-01,"Arica y Parinacota",1,4706.95827618924,60709.7903899632,56002.832113774,82887,9381.3627758746,65384.1948896486,7.8,73.2,67.6,14.3
"468",2010-11-01,"Arica y Parinacota",2,3280.91937553794,41165.9838223495,37885.0644468116,85964,10030.5534141864,47915.617860998,8,47.9,44.1,20.9
"469",2010-12-01,"Arica y Parinacota",1,5168.44622950029,61450.0359218565,56281.5896923562,83028,9130.24391680025,65411.8336091565,8.4,74,67.8,14
"470",2010-12-01,"Arica y Parinacota",2,3656.18092786937,41457.4718038448,37801.2908759755,86092,9541.57913846835,47342.8700144438,8.8,48.2,43.9,20.2
"471",2011-01-01,"Arica y Parinacota",1,5048.7274689888,62607.3701366942,57558.6426677054,83167,9066.18677259783,66624.8294403032,8.1,75.3,69.2,13.6
"472",2011-01-01,"Arica y Parinacota",2,4399.68900078818,41939.2007746241,37539.5117738359,86227,10850.7593404074,48390.2711142434,10.5,48.6,43.5,22.4
"473",2011-02-01,"Arica y Parinacota",1,4906.14398963261,62407.074524257,57500.9305346244,83303,9171.40989086951,66672.3404254939,7.9,74.9,69,13.8
"474",2011-02-01,"Arica y Parinacota",2,5435.76792884061,41833.5058735589,36397.7379447183,86350,13951.2044612471,50348.9424059655,13,48.4,42.2,27.7
"475",2011-03-01,"Arica y Parinacota",1,3848.87270648126,61335.9795291752,57487.106822694,83448,7809.48038030434,65296.5872029983,6.3,73.5,68.9,12
"476",2011-03-01,"Arica y Parinacota",2,5163.90648346333,41600.4898682849,36436.5833848216,86476,14627.4587173014,51064.0421021229,12.4,48.1,42.1,28.6
"477",2011-04-01,"Arica y Parinacota",1,3474.87459277793,60216.4806408929,56741.6060481149,83586,7191.91427362704,63933.520321742,5.8,72,67.9,11.2
"478",2011-04-01,"Arica y Parinacota",2,4810.31352656442,42381.6776857233,37571.3641591589,86596,12651.2332895117,50222.5974486707,11.3,48.9,43.4,25.2
"479",2011-05-01,"Arica y Parinacota",1,2628.3660604905,60698.7780540035,58070.411993513,83725,5901.70509548419,63972.1170889972,4.3,72.5,69.4,9.2
"480",2011-05-01,"Arica y Parinacota",2,3957.1554120009,42243.4896990264,38286.3342870254,86727,9698.3670083401,47984.7012953656,9.4,48.7,44.1,20.2
"481",2010-02-01,"Ñuble",1,6661.13740419067,130016.126766731,123354.98936254,182081,15096.0585691455,138451.047931686,5.1,71.4,67.7,10.9
"482",2010-02-01,"Ñuble",2,8251.729783241,83925.6623102645,75673.9325270235,193508,28460.8358762039,104134.768403227,9.8,43.4,39.1,27.3
"483",2010-03-01,"Ñuble",1,8090.43352403807,130051.27044879,121960.836924752,182230,15855.8175056312,137816.654430383,6.2,71.4,66.9,11.5
"484",2010-03-01,"Ñuble",2,8986.58195297775,78948.4690604044,69961.8871074267,193745,31899.9695199907,101861.856627417,11.4,40.7,36.1,31.3
"485",2010-04-01,"Ñuble",1,7048.39898419122,131439.830738912,124391.431754721,182388,16025.1244361478,140416.556190869,5.4,72.1,68.2,11.4
"486",2010-04-01,"Ñuble",2,9008.66432144957,77758.8172892645,68750.152967815,193978,33427.5672087729,102177.720176588,11.6,40.1,35.4,32.7
"487",2010-05-01,"Ñuble",1,7603.01807421968,131900.700749339,124297.682675119,182553,18511.7391470745,142809.421822194,5.8,72.3,68.1,13
"488",2010-05-01,"Ñuble",2,9577.01053701138,80342.9149644721,70765.9044274607,194190,35308.5716479906,106074.476075451,11.9,41.4,36.4,33.3
"489",2010-06-01,"Ñuble",1,11094.3852425687,133158.677168595,122064.291926027,182724,24657.1867855218,146721.478711549,8.3,72.9,66.8,16.8
"490",2010-06-01,"Ñuble",2,9312.08222388326,81087.4662224316,71775.3839985483,194420,37508.4349460225,109283.818944571,11.5,41.7,36.9,34.3
"491",2010-07-01,"Ñuble",1,12815.0919955771,132859.507310452,120044.415314875,182891,30408.1867282505,150452.602043126,9.6,72.6,65.6,20.2
"492",2010-07-01,"Ñuble",2,10136.9394106604,82355.7771677578,72218.8377570974,194623,40429.3756868553,112648.213443953,12.3,42.3,37.1,35.9
"493",2010-08-01,"Ñuble",1,14566.8327830516,131613.64438782,117046.811604769,183061,31812.5720712995,148859.383676068,11.1,71.9,63.9,21.4
"494",2010-08-01,"Ñuble",2,8610.42824262919,78049.1805586996,69438.7523160704,194836,42878.9240647207,112317.676380791,11,40.1,35.6,38.2
"495",2010-09-01,"Ñuble",1,11313.2093169286,130764.148325014,119450.939008085,183221,30394.0586541487,149844.997662234,8.7,71.4,65.2,20.3
"496",2010-09-01,"Ñuble",2,8400.26960218954,80754.5203266596,72354.2507244701,195047,45262.2626621844,117616.513386655,10.4,41.4,37.1,38.5
"497",2010-10-01,"Ñuble",1,11067.1887166274,131881.640583371,120814.451866743,183363,27336.6762934131,148151.128160156,8.4,71.9,65.9,18.5
"498",2010-10-01,"Ñuble",2,8170.0075289978,79529.1476908594,71359.1401618616,195270,45453.5638891939,116812.704051056,10.3,40.7,36.5,38.9
"499",2010-11-01,"Ñuble",1,9649.49080877382,131272.064817469,121622.574008695,183516,26672.5674320395,148295.141440735,7.4,71.5,66.3,18
"500",2010-11-01,"Ñuble",2,10762.8579622702,81730.1279049188,70967.2699426486,195505,47329.6395086899,118296.909451338,13.2,41.8,36.3,40
"501",2010-12-01,"Ñuble",1,10028.2754386987,131484.033221651,121455.757782952,183678,27497.8876503864,148953.645433339,7.6,71.6,66.1,18.5
"502",2010-12-01,"Ñuble",2,9635.61794335988,80429.5164335382,70793.8984901783,195737,44674.3646250633,115468.263115242,12,41.1,36.2,38.7
"503",2011-01-01,"Ñuble",1,8785.57400390393,134737.956021569,125952.382017665,183830,25460.0495348919,151412.431552557,6.5,73.3,68.5,16.8
"504",2011-01-01,"Ñuble",2,7889.55866215234,83418.7297552043,75529.171093052,195936,41622.516081858,117151.68717491,9.5,42.6,38.5,35.5
"505",2011-02-01,"Ñuble",1,9137.40803635097,136924.167784258,127786.759747907,183998,25227.8595321691,153014.619280076,6.7,74.4,69.5,16.5
"506",2011-02-01,"Ñuble",2,6357.76152939467,84775.8305485871,78418.0690191924,196151,38435.0179671545,116853.086986347,7.5,43.2,40,32.9
"507",2011-03-01,"Ñuble",1,9916.02965082018,138735.729467824,128819.699817004,184154,22588.1889634917,151407.888780496,7.1,75.3,70,14.9
"508",2011-03-01,"Ñuble",2,7051.41085110994,87280.3416929052,80228.9308417953,196372,37715.0710823174,117944.001924113,8.1,44.4,40.9,32
"509",2011-04-01,"Ñuble",1,11981.2322452343,139323.99673846,127342.764493226,184303,24598.0171927381,151940.781685964,8.6,75.6,69.1,16.2
"510",2011-04-01,"Ñuble",2,8003.31574201567,85053.3759419188,77050.0601999031,196594,40949.7988636081,117999.859063511,9.4,43.3,39.2,34.7
"511",2011-05-01,"Ñuble",1,11969.5244776528,136801.855851687,124832.331374034,184442,24293.0692364398,149125.400610474,8.7,74.2,67.7,16.3
"512",2011-05-01,"Ñuble",2,8097.95279730313,84379.3521341422,76281.3993368391,196832,40803.0874535833,117084.486790422,9.6,42.9,38.8,34.8
"513",2010-02-01,"Nacional",1,315299.28055656,4937565.71464327,4622266.43408671,6535048.00000473,628451.936939994,5250718.37102671,6.4,75.6,70.7,12
"514",2010-02-01,"Nacional",2,297527.700331868,3296291.21229368,2998763.51196181,6874524,932167.763196844,3930931.27515866,9,47.9,43.6,23.7
"515",2010-03-01,"Nacional",1,317271.204227033,4929674.16998469,4612402.96575766,6543582.00000503,619593.91246194,5231996.8782196,6.4,75.3,70.5,11.8
"516",2010-03-01,"Nacional",2,305174.204638013,3316693.0406196,3011518.83598159,6883257,916550.382067674,3928069.21804926,9.2,48.2,43.8,23.3
"517",2010-04-01,"Nacional",1,298017.448096368,4917004.28760328,4618986.83950691,6552332.00009547,586128.940214461,5205115.77972137,6.1,75,70.5,11.3
"518",2010-04-01,"Nacional",2,296900.257228969,3333009.25896818,3036109.00173921,6892101,872236.865281158,3908345.86702037,8.9,48.4,44.1,22.3
"519",2010-05-01,"Nacional",1,292828.883224249,4890083.11738253,4597254.23415828,6560810.00006021,588010.809929937,5185265.04408821,6,74.5,70.1,11.3
"520",2010-05-01,"Nacional",2,311245.613723485,3379513.85077428,3068268.2370508,6900738,885199.200303482,3953467.43735428,9.2,49,44.5,22.4
"521",2010-06-01,"Nacional",1,296332.125573388,4910574.84475867,4614242.71918529,6569527.00006762,608606.358661055,5222849.07784634,6,74.7,70.2,11.7
"522",2010-06-01,"Nacional",2,302064.362696016,3386364.9518312,3084300.58913519,6909668,890639.42473283,3974940.01386802,8.9,49,44.6,22.4
"523",2010-07-01,"Nacional",1,321196.459671232,4908571.65049601,4587375.19082478,6578148.00001685,644453.159642493,5231828.35046727,6.5,74.6,69.7,12.3
"524",2010-07-01,"Nacional",2,304618.424272102,3376669.79560824,3072051.37133613,6918340,909985.747053187,3982037.11838932,9,48.8,44.4,22.9
"525",2010-08-01,"Nacional",1,331080.141403329,4936912.7866126,4605832.64520927,6586737.00000084,651633.162976759,5257465.80818603,6.7,75,69.9,12.4
"526",2010-08-01,"Nacional",2,293278.134530896,3371635.44791606,3078357.31338516,6927189,902425.400259593,3980782.71364476,8.7,48.7,44.4,22.7
"527",2010-09-01,"Nacional",1,330864.831789202,4934958.71770878,4604093.88591957,6595157.00000091,660021.746559317,5264115.63247889,6.7,74.8,69.8,12.5
"528",2010-09-01,"Nacional",2,303891.246482699,3388203.52195335,3084312.27547065,6935806,940989.723786593,4025301.99925724,9,48.9,44.5,23.4
"529",2010-10-01,"Nacional",1,314374.172739762,4914588.49941878,4600214.32667902,6603669.00000101,661795.160053392,5262009.48673241,6.4,74.4,69.7,12.6
"530",2010-10-01,"Nacional",2,304508.660272561,3407430.44515801,3102921.78488545,6944621,944310.50797311,4047232.29285856,8.9,49.1,44.7,23.3
"531",2010-11-01,"Nacional",1,300458.836459051,4911654.62525857,4611195.78879952,6612081.00008663,642622.660129783,5253818.4489293,6.1,74.3,69.7,12.2
"532",2010-11-01,"Nacional",2,310099.621795915,3415755.01804196,3105655.39624605,6953157,938246.99195259,4043902.38819864,9.1,49.1,44.7,23.2
"533",2010-12-01,"Nacional",1,280781.145164701,4922524.1395916,4641742.9944269,6620717.00009466,617351.255604672,5259094.25003157,5.7,74.4,70.1,11.7
"534",2010-12-01,"Nacional",2,288671.821649051,3433830.73074853,3145158.90909948,6961989,903371.131183813,4048530.0402833,8.4,49.3,45.2,22.3
"535",2011-01-01,"Nacional",1,293351.682968908,4970030.95262737,4676679.26965847,6629110.00015358,614717.936940143,5291397.20659861,5.9,75,70.5,11.6
"536",2011-01-01,"Nacional",2,281809.349831814,3421683.50585111,3139874.15601929,6970618,917499.69625563,4057373.85227492,8.2,49.1,45,22.6
"537",2011-02-01,"Nacional",1,277711.208079952,4997030.77824291,4719319.57016296,6637735.00031194,595202.872487954,5314522.44265092,5.6,75.3,71.1,11.2
"538",2011-02-01,"Nacional",2,272240.581068949,3426994.71297354,3154754.13190459,6979322,906638.862445601,4061392.9943502,7.9,49.1,45.2,22.3
"539",2011-03-01,"Nacional",1,269186.642116909,4988739.59197581,4719552.9498589,6646154.00032453,565555.291333573,5285108.24119248,5.4,75.1,71,10.7
"540",2011-03-01,"Nacional",2,302935.382508072,3428158.01239596,3125222.62988789,6987893,909843.7054912,4035066.33537909,8.8,49.1,44.7,22.5
"541",2011-04-01,"Nacional",1,269522.960917819,4977731.30260495,4708208.34168713,6654667.00021834,554090.233134429,5262298.57482156,5.4,74.8,70.8,10.5
"542",2011-04-01,"Nacional",2,299975.475801625,3442225.25133039,3142249.77552877,6996654,876368.188588137,4018617.9641169,8.7,49.2,44.9,21.8
"543",2011-05-01,"Nacional",1,282614.542709792,4977891.14172912,4695276.59901933,6663095.00029984,563093.247306826,5258369.84632616,5.7,74.7,70.5,10.7
"544",2011-05-01,"Nacional",2,302095.419250596,3445092.01298124,3142996.59373064,7005352,859499.064603912,4002495.65833455,8.8,49.2,44.9,21.5
