"","trimestre","alcance","desocupados","activos","ocupados","edad_activ","desocupados_ampliado","activos_ampliado","desocupacion","participacion","ocupacion","desocupacion_ampliada"
"1",2010-02-01,"Tarapacá",10123.9177177964,150977.848612994,140853.930895198,223264,27166.102147105,168020.033042303,6.7,67.6,63.1,16.2
"2",2010-03-01,"Tarapacá",11020.8571022752,151040.299840401,140019.442738126,223748,26673.902590007,166693.345328133,7.3,67.5,62.6,16
"3",2010-04-01,"Tarapacá",7864.8129769509,148318.557955936,140453.744978985,224255,22834.8109589478,163288.555937933,5.3,66.1,62.6,14
"4",2010-05-01,"Tarapacá",7316.20579553992,149728.951435905,142412.745640365,224727,22258.8161106503,164671.561751015,4.9,66.6,63.4,13.5
"5",2010-06-01,"Tarapacá",7686.72368937093,150260.700886303,142573.977196932,225218,23634.2990611303,166208.276258062,5.1,66.7,63.3,14.2
"6",2010-07-01,"Tarapacá",8424.72106882806,155225.947610088,146801.22654126,225701,23894.9615537198,170696.18809498,5.4,68.8,65,14
"7",2010-08-01,"Tarapacá",8251.6310625053,156071.404924397,147819.773861892,226204,22230.5135730069,170050.287434898,5.3,69,65.3,13.1
"8",2010-09-01,"Tarapacá",7973.19018024003,156076.930963432,148103.740783192,226679,22102.0427676309,170205.783550823,5.1,68.9,65.3,13
"9",2010-10-01,"Tarapacá",7088.09769178926,155796.545549581,148708.447857792,227193,20601.1935441872,169309.641401979,4.5,68.6,65.5,12.2
"10",2010-11-01,"Tarapacá",7524.28086597722,152790.116830324,145265.835964347,227670,22337.3381138029,167603.17407815,4.9,67.1,63.8,13.3
"11",2010-12-01,"Tarapacá",7779.15084339364,153113.603814271,145334.452970877,228193,22168.0092584868,167502.462229364,5.1,67.1,63.7,13.2
"12",2011-01-01,"Tarapacá",7788.28542830465,151789.730769718,144001.445341413,228677,23190.6361456811,167192.081487094,5.1,66.4,63,13.9
"13",2011-02-01,"Tarapacá",7328.31190153309,152787.557098241,145459.245196708,229180,22370.711668563,167829.956865271,4.8,66.7,63.5,13.3
"14",2011-03-01,"Tarapacá",7671.99120126029,152607.96047467,144935.969273409,229672,20904.0397037792,165840.008977189,5,66.4,63.1,12.6
"15",2011-04-01,"Tarapacá",7320.02659463384,154749.453607225,147429.427012591,230173,17707.4234159512,165136.850428542,4.7,67.2,64.1,10.7
"16",2011-05-01,"Tarapacá",8157.51519876819,153352.320149638,145194.80495087,230663,18351.9512237586,163546.756174628,5.3,66.5,62.9,11.2
"17",2010-02-01,"Antofagasta",19757.5678629648,273055.125282483,253297.557419518,429316.00000473,35639.502501178,288937.059920696,7.2,63.6,59,12.3
"18",2010-03-01,"Antofagasta",17358.7885947317,269147.868201402,251789.07960667,429952.000005034,32203.1586401383,283992.238246808,6.4,62.6,58.6,11.3
"19",2010-04-01,"Antofagasta",17131.1582152713,270208.961290904,253077.803075632,430608.000095473,30720.2154377309,283798.018513363,6.3,62.8,58.8,10.8
"20",2010-05-01,"Antofagasta",17075.2069282489,269115.867090052,252040.660161803,431237.000060213,30318.8340191376,282359.494180941,6.3,62.4,58.4,10.7
"21",2010-06-01,"Antofagasta",17550.7423416712,270342.507044077,252791.764702405,431892.000067615,30169.0393589128,282960.804061318,6.5,62.6,58.5,10.7
"22",2010-07-01,"Antofagasta",15040.0851228352,268350.108927394,253310.023804559,432546.000016846,28792.4243750859,282102.448179645,5.6,62,58.6,10.2
"23",2010-08-01,"Antofagasta",15167.3312861594,271359.828133008,256192.496846849,433179.000000842,31781.0919381811,287973.58878503,5.6,62.6,59.1,11
"24",2010-09-01,"Antofagasta",15548.3189253795,276954.12067087,261405.80174549,433807.000000905,32303.5231256602,293709.324871151,5.6,63.8,60.3,11
"25",2010-10-01,"Antofagasta",14638.7669491337,275116.970484111,260478.203534977,434475.000001005,31435.6913906875,291913.894925665,5.3,63.3,60,10.8
"26",2010-11-01,"Antofagasta",17624.7471422714,278482.206925663,260857.459783392,435102.00008663,33806.4809630737,294663.940746465,6.3,64,60,11.5
"27",2010-12-01,"Antofagasta",19194.9833630652,278311.586982451,259116.603619385,435755.000094656,37274.6060271408,296391.209646526,6.9,63.9,59.5,12.6
"28",2011-01-01,"Antofagasta",19416.8544789638,276647.820777352,257230.966298388,436378.000153576,37088.5682502878,294319.534548676,7,63.4,58.9,12.6
"29",2011-02-01,"Antofagasta",14335.8387196746,272776.605745015,258440.767025341,437020.000311939,30257.8589396603,288698.625965001,5.3,62.4,59.1,10.5
"30",2011-03-01,"Antofagasta",15250.4811766212,269304.545159059,254054.063982438,437645.000324532,28676.5533265728,282730.61730901,5.7,61.5,58.1,10.1
"31",2011-04-01,"Antofagasta",16123.5330650807,268622.518478823,252498.985413743,438296.000218342,30585.28482711,283084.270240852,6,61.3,57.6,10.8
"32",2011-05-01,"Antofagasta",16379.7389484664,268406.694391692,252026.955443225,438931.000299841,29928.9204084067,281955.875851632,6.1,61.2,57.4,10.6
"33",2010-02-01,"Atacama",9688.54344492783,134104.947926977,124416.40448205,217171,37039.7395473204,161456.14402937,7.2,61.8,57.3,22.9
"34",2010-03-01,"Atacama",10318.39030836,133593.71188768,123275.32157932,217402,37264.8535615022,160540.175140822,7.7,61.5,56.7,23.2
"35",2010-04-01,"Atacama",7760.96478613329,132742.729386828,124981.764600695,217647,34616.1617099679,159597.926310663,5.8,61,57.4,21.7
"36",2010-05-01,"Atacama",8411.8457354716,133736.514368509,125324.668633037,217900,34110.2111972002,159434.879830237,6.3,61.4,57.5,21.4
"37",2010-06-01,"Atacama",6859.31989710696,133526.178395551,126666.858498444,218131,31741.2412257778,158408.099724221,5.1,61.2,58.1,20
"38",2010-07-01,"Atacama",6990.56358171827,131360.896114856,124370.332533138,218368,32780.0983653758,157150.430898514,5.3,60.2,57,20.9
"39",2010-08-01,"Atacama",6629.48506718632,132448.374517258,125818.889450072,218610,31717.4758193615,157536.365269433,5,60.6,57.6,20.1
"40",2010-09-01,"Atacama",8263.90697969493,132921.692823807,124657.785844112,218840,33218.8963805794,157876.682224691,6.2,60.7,57,21
"41",2010-10-01,"Atacama",8273.6621150296,134887.775071262,126614.112956233,219059,29423.9815550616,156038.094511294,6.1,61.6,57.8,18.9
"42",2010-11-01,"Atacama",8705.20997337527,134731.188371714,126025.978398339,219274,27343.9878571822,153369.966255521,6.5,61.4,57.5,17.8
"43",2010-12-01,"Atacama",6855.76507897294,133877.193663071,127021.428584098,219517,25244.551736747,152265.980320845,5.1,61,57.9,16.6
"44",2011-01-01,"Atacama",7605.92713910731,134930.669962912,127324.742823805,219720,27159.0176036094,154483.760427415,5.6,61.4,57.9,17.6
"45",2011-02-01,"Atacama",7455.02010566256,134281.006502318,126825.986396655,219963,28627.674464017,155453.660860672,5.6,61,57.7,18.4
"46",2011-03-01,"Atacama",7015.72973153479,132445.722918934,125429.9931874,220181,29328.9963749746,154758.989562374,5.3,60.2,57,19
"47",2011-04-01,"Atacama",6835.88726553072,133749.853496356,126913.966230825,220408,28732.5901011735,155646.556331999,5.1,60.7,57.6,18.5
"48",2011-05-01,"Atacama",5927.16548807522,134996.57534521,129069.409857135,220640,26113.8374798826,155183.247337017,4.4,61.2,58.5,16.8
"49",2010-02-01,"Coquimbo",28243.1009014351,324428.708596816,296185.607695381,551056,61901.5889993048,358087.196694686,8.7,58.9,53.7,17.3
"50",2010-03-01,"Coquimbo",28633.7708535759,328234.844958938,299601.074105363,551959,62815.6312443048,362416.705349667,8.7,59.5,54.3,17.3
"51",2010-04-01,"Coquimbo",29009.0100841825,330715.75563163,301706.745547447,552913,64376.4530059973,366083.198553444,8.8,59.8,54.6,17.6
"52",2010-05-01,"Coquimbo",28564.8311427895,331758.157974414,303193.326831624,553833,67305.9292602665,370499.256091891,8.6,59.9,54.7,18.2
"53",2010-06-01,"Coquimbo",29053.5363489308,334935.517053599,305881.980704668,554773,67644.2007813581,373526.181486027,8.7,60.4,55.1,18.1
"54",2010-07-01,"Coquimbo",28096.9973163836,334704.505734808,306607.508418425,555721,64963.6909983089,371571.199416733,8.4,60.2,55.2,17.5
"55",2010-08-01,"Coquimbo",25688.0840036128,334188.872406172,308500.78840256,556659,61172.7472905196,369673.535693079,7.7,60,55.4,16.5
"56",2010-09-01,"Coquimbo",25615.9605654258,332892.978351185,307277.017785759,557594,67519.6792715051,374796.697057264,7.7,59.7,55.1,18
"57",2010-10-01,"Coquimbo",22471.6106108296,330984.672449343,308513.061838514,558525,65485.5284546234,373998.590293137,6.8,59.3,55.2,17.5
"58",2010-11-01,"Coquimbo",20625.4833756957,330738.013632424,310112.530256728,559435,60984.6776197332,371097.207876461,6.2,59.1,55.4,16.4
"59",2010-12-01,"Coquimbo",18998.3513023324,335651.385920322,316653.034617989,560378,55108.2036145249,371761.238232514,5.7,59.9,56.5,14.8
"60",2011-01-01,"Coquimbo",21492.5698459366,345925.39449811,324432.824652173,561311,56826.5474946562,381259.372146829,6.2,61.6,57.8,14.9
"61",2011-02-01,"Coquimbo",23696.0371599967,350886.886084715,327190.848924718,562264,63547.8312255023,390738.68015022,6.8,62.4,58.2,16.3
"62",2011-03-01,"Coquimbo",24180.5930743328,347487.762352725,323307.169278392,563185,59118.3620126223,382425.531291014,7,61.7,57.4,15.5
"63",2011-04-01,"Coquimbo",22530.1492685305,345478.220912765,322948.071644234,564125,54696.2534418267,377644.325086061,6.5,61.2,57.2,14.5
"64",2011-05-01,"Coquimbo",20671.5886582155,342926.611536026,322255.022877811,565045,50219.6942165638,372474.717094374,6,60.7,57,13.5
"65",2010-02-01,"Valparaíso",82148.6239667996,858140.069937205,775991.445970406,1392262,167941.110798342,943932.556768747,9.6,61.6,55.7,17.8
"66",2010-03-01,"Valparaíso",80305.0383758066,849728.076985581,769423.038609774,1394011,165564.731631303,934987.770241077,9.5,61,55.2,17.7
"67",2010-04-01,"Valparaíso",74511.7721696707,846282.276662439,771770.504492769,1395859,152239.599195696,924010.103688464,8.8,60.6,55.3,16.5
"68",2010-05-01,"Valparaíso",71483.2173568139,842621.576199942,771138.358843128,1397600,154010.400200963,925148.759044091,8.5,60.3,55.2,16.6
"69",2010-06-01,"Valparaíso",72710.5754457894,847971.383507496,775260.808061706,1399488,158454.254082458,933715.062144164,8.6,60.6,55.4,17
"70",2010-07-01,"Valparaíso",75463.53794744,841759.382617749,766295.844670309,1401267,164050.501349701,930346.34602001,9,60.1,54.7,17.6
"71",2010-08-01,"Valparaíso",74000.3249077743,845863.095625583,771862.770717809,1403114,158644.133258687,930506.903976496,8.7,60.3,55,17
"72",2010-09-01,"Valparaíso",70268.7088661926,848734.636817043,778465.92795085,1404855,165062.194282362,943528.122233212,8.3,60.4,55.4,17.5
"73",2010-10-01,"Valparaíso",64641.7001633066,845324.888957422,780683.188794116,1406674,174537.702047272,955220.890841387,7.6,60.1,55.5,18.3
"74",2010-11-01,"Valparaíso",65177.1247836233,848963.18700094,783786.062217317,1408411,182094.822109873,965880.88432719,7.7,60.3,55.7,18.9
"75",2010-12-01,"Valparaíso",71163.4268985637,862349.223890451,791185.796991887,1410237,188786.380206314,979972.1771982,8.3,61.1,56.1,19.3
"76",2011-01-01,"Valparaíso",73114.5722175019,870811.448210993,797696.875993491,1411981,195173.192128142,992870.068121633,8.4,61.7,56.5,19.7
"77",2011-02-01,"Valparaíso",70102.0435312776,879007.376847528,808905.33331625,1413821,185671.610182912,994576.943499162,8,62.2,57.2,18.7
"78",2011-03-01,"Valparaíso",67745.1746104026,872002.578404577,804257.403794174,1415537,185237.655162331,989495.058956505,7.8,61.6,56.8,18.7
"79",2011-04-01,"Valparaíso",64419.4045327164,855248.755794165,790829.351261449,1417377,176371.504655259,967200.855916708,7.5,60.3,55.8,18.2
"80",2011-05-01,"Valparaíso",64546.5601994101,852445.581324125,787899.021124715,1419135,181066.402476196,968965.423600911,7.6,60.1,55.5,18.7
"81",2010-02-01,"O'Higgins",26003.3494005985,416630.832378044,390627.482977446,686297,71674.4307375687,462301.913715014,6.2,60.7,56.9,15.5
"82",2010-03-01,"O'Higgins",24065.8698144845,412940.113734105,388874.24391962,687188,68466.2670978465,457340.511017467,5.8,60.1,56.6,15
"83",2010-04-01,"O'Higgins",20303.1748628572,407460.024043492,387156.849180635,688156,62428.7130316432,449585.562212278,5,59.2,56.3,13.9
"84",2010-05-01,"O'Higgins",20977.7669795955,407397.975087931,386420.208108335,689046,64051.195422122,450471.403530457,5.1,59.1,56.1,14.2
"85",2010-06-01,"O'Higgins",25885.5326367141,404602.404645616,378716.872008902,690039,76081.2494409011,454798.121449803,6.4,58.6,54.9,16.7
"86",2010-07-01,"O'Higgins",30041.7233230788,401417.043323986,371375.320000908,690946,82912.0882657958,454287.408266703,7.5,58.1,53.7,18.3
"87",2010-08-01,"O'Higgins",27742.0737507034,399733.743816459,371991.670065755,691878,78400.5470470984,450392.217112854,6.9,57.8,53.8,17.4
"88",2010-09-01,"O'Higgins",29412.127464966,393831.404587898,364419.277122932,692827,81829.9995804315,446249.276703364,7.5,56.8,52.6,18.3
"89",2010-10-01,"O'Higgins",24005.4500655183,395020.861499967,371015.411434449,693764,74841.2550470703,445856.666481519,6.1,56.9,53.5,16.8
"90",2010-11-01,"O'Higgins",24828.60058271,408615.168637981,383786.568055271,694674,71413.0057998423,455199.573855113,6.1,58.8,55.2,15.7
"91",2010-12-01,"O'Higgins",19590.2997904175,419343.697415839,399753.397625422,695616,58831.9627236891,458585.360349111,4.7,60.3,57.5,12.8
"92",2011-01-01,"O'Higgins",19473.5924413327,421932.443474147,402458.851032815,696571,53422.569348577,455881.420381392,4.6,60.6,57.8,11.7
"93",2011-02-01,"O'Higgins",19724.5967884089,416133.297972743,396408.701184335,697526,62245.878566674,458654.579751009,4.7,59.7,56.8,13.6
"94",2011-03-01,"O'Higgins",19823.1522988717,418028.630572207,398205.478273335,698457,67992.1773613606,466197.655634696,4.7,59.9,57,14.6
"95",2011-04-01,"O'Higgins",24625.5801256077,424269.29822353,399643.718097922,699363,76309.6765690916,475953.394667014,5.8,60.7,57.1,16
"96",2011-05-01,"O'Higgins",24003.7169951403,429082.491414104,405078.774418964,700288,73123.0899866168,478201.86440558,5.6,61.3,57.8,15.3
"97",2010-02-01,"Maule",29425.1960797673,467891.30708345,438466.111003683,794911,118756.709604987,557222.82060867,6.3,58.9,55.2,21.3
"98",2010-03-01,"Maule",27447.9792870111,470617.944189997,443169.964902985,795889,106116.368927428,549286.333830413,5.8,59.1,55.7,19.3
"99",2010-04-01,"Maule",28238.764890195,475146.611002614,446907.846112419,796894,101118.809263204,548026.655375622,5.9,59.6,56.1,18.5
"100",2010-05-01,"Maule",31165.0093873615,461955.357037337,430790.347649975,797857,106153.589434574,536943.937084549,6.7,57.9,54,19.8
"101",2010-06-01,"Maule",35189.1791379319,448421.000378785,413231.821240853,798875,120629.301137783,533861.122378636,7.8,56.1,51.7,22.6
"102",2010-07-01,"Maule",37314.4635787163,440975.93069229,403661.467113574,799871,130078.010121368,533739.477234942,8.5,55.1,50.5,24.4
"103",2010-08-01,"Maule",35957.9154433017,442871.230574244,406913.315130942,800901,134142.095574301,541055.410705244,8.1,55.3,50.8,24.8
"104",2010-09-01,"Maule",36489.8214529104,449575.369176642,413085.547723731,801895,138987.148978007,552072.696701739,8.1,56.1,51.5,25.2
"105",2010-10-01,"Maule",36787.2442603797,452038.530659082,415251.286398703,802899,137085.696601254,552336.982999956,8.1,56.3,51.7,24.8
"106",2010-11-01,"Maule",31655.6580605792,460172.696696708,428517.038636129,803831,124041.988245392,552559.026881521,6.9,57.2,53.3,22.4
"107",2010-12-01,"Maule",28570.6776531569,473265.663992927,444694.98633977,804874,108668.309422249,553363.295762019,6,58.8,55.3,19.6
"108",2011-01-01,"Maule",28284.3863130216,487790.505651688,459506.119338667,805817,104141.5515301,563647.670868767,5.8,60.5,57,18.5
"109",2011-02-01,"Maule",29999.7445469982,490535.580446671,460535.835899673,806817,111427.747565876,571963.58346555,6.1,60.8,57.1,19.5
"110",2011-03-01,"Maule",30280.7466897036,479438.567918062,449157.821228359,807799,114816.206895946,563974.028124304,6.3,59.4,55.6,20.4
"111",2011-04-01,"Maule",29953.8096221622,472220.141261719,442266.331639556,808814,112773.953225435,555040.284864992,6.3,58.4,54.7,20.3
"112",2011-05-01,"Maule",31978.4042851556,461414.003293481,429435.599008325,809736,117003.658617383,546439.257625708,6.9,57,53,21.4
"113",2010-02-01,"Biobío",64343.2326314458,710938.408867629,646595.176236183,1228005,208560.571703056,855155.747939239,9.1,57.9,52.7,24.4
"114",2010-03-01,"Biobío",61475.0436095137,708539.968457425,647064.924847911,1229219,189953.56614322,837018.490991131,8.7,57.6,52.6,22.7
"115",2010-04-01,"Biobío",58386.6573015264,706139.349731204,647752.692429677,1230491,173874.570697434,821627.263127112,8.3,57.4,52.6,21.2
"116",2010-05-01,"Biobío",57156.7712740127,718228.718438967,661071.947164954,1231677,171151.507698388,832223.454863343,8,58.3,53.7,20.6
"117",2010-06-01,"Biobío",59526.5616499268,724337.375923952,664810.814274025,1232946,176940.237122267,841751.051396292,8.2,58.7,53.9,21
"118",2010-07-01,"Biobío",61710.9648856545,720435.064739313,658724.099853658,1234100,181276.852271684,840000.952125342,8.6,58.4,53.4,21.6
"119",2010-08-01,"Biobío",62972.6604518725,707542.833708576,644570.173256704,1235303,183266.930666687,827837.103923391,8.9,57.3,52.2,22.1
"120",2010-09-01,"Biobío",63742.0858562164,698418.657863431,634676.572007214,1236468,192262.988619182,826939.560626396,9.1,56.5,51.3,23.2
"121",2010-10-01,"Biobío",60398.2434766885,694616.160662786,634217.917186098,1237662,189391.131045725,823609.048231823,8.7,56.1,51.2,23
"122",2010-11-01,"Biobío",54907.6192039568,693320.4868927,638412.867688743,1238815,181265.837323797,819678.70501254,7.9,56,51.5,22.1
"123",2010-12-01,"Biobío",50693.3305582578,696096.762174998,645403.43161674,1240047,173450.621547795,818854.053164536,7.3,56.1,52,21.2
"124",2011-01-01,"Biobío",54716.3737009083,708660.367176417,653943.993475508,1241209,176142.347510153,830086.340985662,7.7,57.1,52.7,21.2
"125",2011-02-01,"Biobío",60226.2586361956,713276.822644803,653050.564008608,1242413,184594.503589658,837645.067598265,8.4,57.4,52.6,22
"126",2011-03-01,"Biobío",60930.4476603828,710683.34960384,649752.901943457,1243587,172768.04544235,822520.947385807,8.6,57.1,52.2,21
"127",2011-04-01,"Biobío",56652.8729424664,700570.078332142,643917.205389675,1244775,165242.053332698,809159.258722373,8.1,56.3,51.7,20.4
"128",2011-05-01,"Biobío",56579.9763355142,702034.823632688,645454.847297173,1245947,157582.241366207,803037.088663381,8.1,56.3,51.8,19.6
"129",2010-02-01,"La Araucanía",37707.3155588631,434258.915875225,396551.600316362,735837,121409.215234755,517960.815551116,8.7,59,53.9,23.4
"130",2010-03-01,"La Araucanía",36077.631164744,432522.324758291,396444.693593547,736634,110512.23845267,506956.932046217,8.3,58.7,53.8,21.8
"131",2010-04-01,"La Araucanía",32940.7221204795,429456.556492255,396515.834371775,737413,108900.172798418,505416.007170194,7.7,58.2,53.8,21.5
"132",2010-05-01,"La Araucanía",33969.5935347328,419798.662339959,385829.068805226,738195,119001.698953358,504830.767758584,8.1,56.9,52.3,23.6
"133",2010-06-01,"La Araucanía",35509.2607074622,428225.452554016,392716.191846554,738975,126832.213675312,519548.405521866,8.3,57.9,53.1,24.4
"134",2010-07-01,"La Araucanía",35794.4152494181,427950.789023268,392156.37377385,739746,131287.68835887,523444.062132719,8.4,57.9,53,25.1
"135",2010-08-01,"La Araucanía",38103.9488052658,429185.271373554,391081.322568288,740524,131427.178818917,522508.501387205,8.9,58,52.8,25.2
"136",2010-09-01,"La Araucanía",37839.7593240115,424478.01459311,386638.255269098,741259,130636.033413956,517274.288683055,8.9,57.3,52.2,25.3
"137",2010-10-01,"La Araucanía",38963.9563418282,423308.472407223,384344.516065395,742043,129010.262871102,513354.778936496,9.2,57,51.8,25.1
"138",2010-11-01,"La Araucanía",34994.8345227048,419288.15015374,384293.315631035,742790,119305.237289432,503598.552920467,8.3,56.4,51.7,23.7
"139",2010-12-01,"La Araucanía",30125.8973124703,414499.540395842,384373.643083372,743562,114578.40121514,498952.044298512,7.3,55.7,51.7,23
"140",2011-01-01,"La Araucanía",30488.0606427565,426803.195771921,396315.135129164,744317,116569.332781708,512884.467910872,7.1,57.3,53.2,22.7
"141",2011-02-01,"La Araucanía",32647.6378360579,439899.495819602,407251.857983544,745057,122349.32661179,529601.184595334,7.4,59,54.7,23.1
"142",2011-03-01,"La Araucanía",38263.9680879827,449116.483798124,410852.515710141,745805,122309.920334204,533162.436044344,8.5,60.2,55.1,22.9
"143",2011-04-01,"La Araucanía",34852.2312112569,458059.883421909,423207.652210652,746577,116083.774948171,539291.427158823,7.6,61.4,56.7,21.5
"144",2011-05-01,"La Araucanía",39777.6714392489,456509.102973611,416731.431534362,747348,118837.557673765,535568.989208127,8.7,61.1,55.8,22.2
"145",2010-02-01,"Los Lagos",20778.3081864244,369797.035281782,349018.727095358,631622,47587.4279225808,396606.155017939,5.6,58.5,55.3,12
"146",2010-03-01,"Los Lagos",23136.4447115151,373215.318455712,350078.873744197,632436,53123.6797863939,403202.553530591,6.2,59,55.4,13.2
"147",2010-04-01,"Los Lagos",23334.2992954689,368333.142776452,344998.843480983,633248,56419.6383648152,401418.481845799,6.3,58.2,54.5,14.1
"148",2010-05-01,"Los Lagos",21507.4785613063,361886.106893264,340378.628331958,634056,60267.3516042343,400645.979936192,5.9,57.1,53.7,15
"149",2010-06-01,"Los Lagos",18838.3277572202,362186.987702359,343348.659945139,634903,53505.2487165557,396853.908661695,5.2,57,54.1,13.5
"150",2010-07-01,"Los Lagos",19040.8107332842,367696.778902749,348655.968169465,635719,55221.2611582238,403877.229327688,5.2,57.8,54.8,13.7
"151",2010-08-01,"Los Lagos",19197.9134650159,375869.207330683,356671.293865667,636539,54775.5583361524,411446.852201819,5.1,59,56,13.3
"152",2010-09-01,"Los Lagos",18756.3341072047,375898.552605765,357142.218498561,637324,51228.4194369957,408370.637935556,5,59,56,12.5
"153",2010-10-01,"Los Lagos",15295.4212048066,373719.117899463,358423.696694657,638154,49011.2475392408,407434.944233898,4.1,58.6,56.2,12
"154",2010-11-01,"Los Lagos",14317.978852625,374127.420066578,359809.441213953,638979,49564.7549206139,409374.196134567,3.8,58.6,56.3,12.1
"155",2010-12-01,"Los Lagos",10776.402283371,372545.938764055,361769.536480684,639810,46801.6981738083,408571.234654493,2.9,58.2,56.5,11.5
"156",2011-01-01,"Los Lagos",11335.2530237468,370815.200849612,359479.947825865,640620,45702.3110610887,405182.258886954,3.1,57.9,56.1,11.3
"157",2011-02-01,"Los Lagos",13240.5342013101,377507.897393461,364267.363192151,641486,42079.8865157829,406347.249707934,3.5,58.8,56.8,10.4
"158",2011-03-01,"Los Lagos",16576.1724443576,377207.452029633,360631.279585275,642268,45436.082202576,406067.361787851,4.4,58.7,56.1,11.2
"159",2011-04-01,"Los Lagos",16285.5074736618,380098.529206368,363813.021732706,643062,45879.6816835861,409692.703416292,4.3,59.1,56.6,11.2
"160",2011-05-01,"Los Lagos",13779.5203999029,380234.871092627,366455.350692724,643912,49697.0178193982,416152.368512122,3.6,59.1,56.9,11.9
"161",2010-02-01,"Aysén",2179.5975223659,51830.9616988672,49651.3641765013,75438,7564.03549098267,57215.399667484,4.2,68.7,65.8,13.2
"162",2010-03-01,"Aysén",2183.77742059806,51423.823959546,49240.0465389479,75517,7473.16106038486,56713.2075993328,4.2,68.1,65.2,13.2
"163",2010-04-01,"Aysén",1989.60464046773,52252.7857951114,50263.1811546437,75614,6373.86419898741,56637.0453536311,3.8,69.1,66.5,11.3
"164",2010-05-01,"Aysén",2254.76934615065,52093.3519275624,49838.5825814118,75680,6496.02489042338,56334.6074718352,4.3,68.8,65.9,11.5
"165",2010-06-01,"Aysén",2177.1019744721,52863.0502662115,50685.9482917394,75768,6402.46389211501,57088.4121838544,4.1,69.8,66.9,11.2
"166",2010-07-01,"Aysén",2566.58032493601,52460.3271976466,49893.7468727106,75854,7255.76640491104,57149.5132776216,4.9,69.2,65.8,12.7
"167",2010-08-01,"Aysén",2346.80654766319,54191.3061994922,51844.499651829,75953,7117.08276495192,58961.5824167809,4.3,71.3,68.3,12.1
"168",2010-09-01,"Aysén",2275.53396479591,54567.2520921481,52291.7181273522,76025,7357.67582024881,59649.393947601,4.2,71.8,68.8,12.3
"169",2010-10-01,"Aysén",2346.74307444447,55708.0316007457,53361.2885263013,76119,6864.57842260214,60225.8669489034,4.2,73.2,70.1,11.4
"170",2010-11-01,"Aysén",2474.11700908039,54673.304511228,52199.1875021477,76175,6893.7967773676,59092.9842795152,4.5,71.8,68.5,11.7
"171",2010-12-01,"Aysén",2361.31300511953,54254.9240092603,51893.6110041407,76271,6725.9627828255,58619.5737869662,4.4,71.1,68,11.5
"172",2011-01-01,"Aysén",1963.01506592158,53107.6653937787,51144.6503278571,76353,7093.55134169763,58238.2016695548,3.7,69.6,67,12.2
"173",2011-02-01,"Aysén",1958.72517972349,52645.5251181185,50686.799938395,76438,6689.4471823556,57376.2471207506,3.7,68.9,66.3,11.7
"174",2011-03-01,"Aysén",2599.13005171258,51192.000281462,48592.8702297494,76509,7572.05138577301,56164.9216155224,5.1,66.9,63.5,13.5
"175",2011-04-01,"Aysén",2857.41050848547,52238.4261753123,49381.0156668269,76605,7403.55930792545,56784.5749747523,5.5,68.2,64.5,13
"176",2011-05-01,"Aysén",2939.19173648708,53324.6595791617,50385.4678426746,76668,7291.1126446229,57676.5804872975,5.5,69.6,65.7,12.6
"177",2010-02-01,"Magallanes",4441.93468887882,79585.1094734196,75143.1747845408,127213,13410.9828087177,88554.1575932585,5.6,62.6,59.1,15.1
"178",2010-03-01,"Magallanes",4251.6182317582,78091.1658921431,73839.5476603849,127356,12452.2352843869,86291.7829447718,5.4,61.3,58,14.4
"179",2010-04-01,"Magallanes",3547.41065787428,77496.0597156663,73948.649057792,127488,12342.7824284409,86291.4314862329,4.6,60.8,58,14.3
"180",2010-05-01,"Magallanes",3741.51018865619,79481.8511160549,75740.3409273987,127617,12129.1315654657,87869.4724928643,4.7,62.3,59.3,13.8
"181",2010-06-01,"Magallanes",3431.85796482895,79856.8721202824,76425.0141554534,127763,12038.8065403991,88463.8206958526,4.3,62.5,59.8,13.6
"182",2010-07-01,"Magallanes",3846.03809676469,80813.7520254795,76967.7139287148,127895,10960.1742435351,87927.8881722499,4.8,63.2,60.2,12.5
"183",2010-08-01,"Magallanes",3916.72619348913,79650.7627810833,75734.0365875942,128055,11049.2995812109,86783.3361688051,4.9,62.2,59.1,12.7
"184",2010-09-01,"Magallanes",4189.33726888568,79627.4614028725,75438.1241339868,128196,12114.9067946799,87553.0309286668,5.3,62.1,58.8,13.8
"185",2010-10-01,"Magallanes",4337.24907997425,78712.3076297899,74375.0585498157,128333,13988.2202124985,88363.2787623141,5.5,61.3,58,15.8
"186",2010-11-01,"Magallanes",4316.22780094565,78592.8445388162,74276.6167378705,128480,14488.6372432529,88765.2539811234,5.5,61.2,57.8,16.3
"187",2010-12-01,"Magallanes",4578.16343421634,80892.1510683269,76313.9876341106,128618,12912.2417107882,89226.2293448988,5.7,62.9,59.3,14.5
"188",2011-01-01,"Magallanes",4089.927769268,78948.4211638789,74858.4933946109,128766,12356.5903757549,87215.0837703657,5.2,61.3,58.1,14.2
"189",2011-02-01,"Magallanes",4128.57931075414,81578.443412241,77449.8641014869,128901,10693.2161373446,88143.0802388315,5.1,63.3,60.1,12.1
"190",2011-03-01,"Magallanes",3043.01558422404,79744.318785302,76701.303201078,129045,10227.6409313294,86928.9441324074,3.8,61.8,59.4,11.8
"191",2011-04-01,"Magallanes",2822.6130056175,80161.0155524227,77338.4025468052,129183,9706.25334716427,87044.6558939695,3.5,62.1,59.9,11.2
"192",2011-05-01,"Magallanes",2692.55186974835,79782.9786432675,77090.4267735191,129335,10980.0074024446,88070.4341759637,3.4,61.7,59.6,12.5
"193",2010-02-01,"Metropolitana de Santiago",240995.98501359,3474952.33743979,3233956.3524262,5475895,527984.150794091,3761940.50322029,6.9,63.5,59.1,14
"194",2010-03-01,"Metropolitana de Santiago",256092.566721122,3505726.72856601,3249634.16184488,5483318,547071.629095634,3796705.79094052,7.3,63.9,59.3,14.4
"195",2010-04-01,"Metropolitana de Santiago",254366.115678493,3527828.16127059,3273462.04559209,5490693,517336.003696504,3790798.0492886,7.2,64.3,59.6,13.6
"196",2010-05-01,"Metropolitana de Santiago",259030.572405526,3563518.96821101,3304488.39580548,5498059,499845.973757657,3804334.36956314,7.3,64.8,60.1,13.1
"197",2010-06-01,"Metropolitana de Santiago",240897.484110317,3576705.60342662,3335808.1193163,5505392,481432.079314783,3817240.19863108,6.7,65,60.6,12.6
"198",2010-07-01,"Metropolitana de Santiago",254067.967501725,3574305.30806962,3320237.3405679,5512796,495043.773873672,3815281.11444157,7.1,64.8,60.2,13
"199",2010-08-01,"Metropolitana de Santiago",259138.714870702,3591579.41837128,3332440.70350058,5520123,499742.859871763,3832183.56337234,7.2,65.1,60.4,13
"200",2010-09-01,"Metropolitana de Santiago",273436.229526648,3608037.74407607,3334601.51454943,5527388,515710.317827142,3850311.83237657,7.6,65.3,60.3,13.4
"201",2010-10-01,"Metropolitana de Santiago",280484.498142265,3617136.12731343,3336651.62917117,5534682,532902.138597569,3869553.76776874,7.8,65.4,60.3,13.8
"202",2010-11-01,"Metropolitana de Santiago",282797.802222782,3598801.03934526,3316003.23712248,5541946,536682.643213612,3852685.88033609,7.9,64.9,59.8,13.9
"203",2010-12-01,"Metropolitana de Santiago",257885.041467495,3588739.87320025,3330854.83173275,5549212,521172.06634363,3852026.89807638,7.2,64.7,60,13.5
"204",2011-01-01,"Metropolitana de Santiago",255204.784823392,3558376.71109627,3303171.92627288,5556483,535453.243960315,3838625.17023319,7.2,64,59.4,13.9
"205",2011-02-01,"Metropolitana de Santiago",226282.723901518,3552465.10210046,3326182.37819894,5563724,491749.166277093,3817931.54447604,6.4,63.9,59.8,12.9
"206",2011-03-01,"Metropolitana de Santiago",240054.820061478,3564046.39579991,3323991.57573843,5570994,478597.666969912,3802589.24270834,6.7,64,59.7,12.6
"207",2011-04-01,"Metropolitana de Santiago",245961.170194508,3585621.19459055,3339660.02439604,5578270,456558.838580501,3796218.86297654,6.9,64.3,59.9,12
"208",2011-05-01,"Metropolitana de Santiago",260982.416851689,3607619.29708589,3346636.8802342,5585559,453352.945770872,3799989.82600508,7.2,64.6,59.9,11.9
"209",2010-02-01,"Los Ríos",13233.43964507,169644.567220823,156411.127575753,299181,48387.2594005406,204798.386976294,7.8,56.7,52.3,23.6
"210",2010-03-01,"Los Ríos",13150.8364073393,168157.121521363,155006.285114023,299466,45762.3074835492,200768.592597573,7.8,56.2,51.8,22.8
"211",2010-04-01,"Los Ríos",10827.0103255006,163430.466660688,152603.456335187,299763,45603.2712457682,198206.727580956,6.6,54.5,50.9,23
"212",2010-05-01,"Los Ríos",15124.913195406,160856.604002178,145731.690806772,300044,53336.5180346384,199068.208841411,9.4,53.6,48.6,26.8
"213",2010-06-01,"Los Ríos",14593.8359425208,164386.751795966,149792.915853445,300351,54343.5356814688,204136.451534914,8.9,54.7,49.9,26.6
"214",2010-07-01,"Los Ríos",16131.8735137483,168234.118425634,152102.244911885,300654,58532.6822306495,210634.927142535,9.6,56,50.6,27.8
"215",2010-08-01,"Los Ríos",14249.7436473322,172502.386539425,158252.642892093,300933,57960.7350609669,216213.37795306,8.3,57.3,52.6,26.8
"216",2010-09-01,"Los Ríos",13870.5144062548,174310.97233487,160440.457928616,301214,58278.1467202913,218718.604648907,8,57.9,53.3,26.6
"217",2010-10-01,"Los Ríos",12196.0530243228,175652.088787305,163456.035762982,301491,59901.7820068417,223357.817769824,6.9,58.3,54.2,26.8
"218",2010-11-01,"Los Ríos",12208.5474358681,179235.852761759,167027.305325891,301784,57232.3214746076,224259.626800498,6.8,59.4,55.3,25.5
"219",2010-12-01,"Los Ríos",12391.6432834913,178592.267667181,166200.62438369,302081,58155.2966946288,224355.921078319,6.9,59.1,55,25.9
"220",2011-01-01,"Los Ríos",14063.880774727,182471.626993594,168407.746218867,302365,54898.661934246,223306.408153113,7.7,60.3,55.7,24.6
"221",2011-02-01,"Los Ríos",12988.6558455718,184303.315299876,171314.659454304,302645,52751.3841548859,224066.04360919,7,60.9,56.6,23.5
"222",2011-03-01,"Los Ríos",12706.3822602408,184639.295715082,171932.913454841,302913,49673.3995776274,221606.313032468,6.9,61,56.8,22.4
"223",2011-04-01,"Los Ríos",9988.50480259294,181893.653875058,171905.149072465,303214,47016.6106671873,218921.759739652,5.5,60,56.7,21.5
"224",2011-05-01,"Los Ríos",9640.94480711845,176729.668509977,167088.723702859,303514,48347.6460307733,215436.369733632,5.5,58.2,55.1,22.4
"225",2010-02-01,"Arica y Parinacota",8844.00108006883,103678.962184453,94834.9611043841,166515,22039.97800096,116874.939105344,8.5,62.3,57,18.9
"226",2010-03-01,"Arica y Parinacota",9849.78078519436,104388.15968651,94538.3789013152,166769,22934.7765052237,117473.155406539,9.4,62.6,56.7,19.5
"227",2010-04-01,"Arica y Parinacota",8649.16401462409,105003.460127474,96354.2961128495,167025,19728.0478171431,116082.343929993,8.2,62.9,57.7,17
"228",2010-05-01,"Arica y Parinacota",9114.77650489191,105174.690319912,96059.9138150202,167277,18952.5172892751,115012.431104295,8.7,62.9,57.4,16.5
"229",2010-06-01,"Arica y Parinacota",8079.98119868912,104071.867498021,95991.8862993321,167537,17231.9916311197,113223.877930452,7.8,62.1,57.3,15.2
"230",2010-07-01,"Arica y Parinacota",8332.11029256518,104336.208221157,96004.0979285916,167790,16551.3707096744,112555.468638266,8,62.2,57.2,14.7
"231",2010-08-01,"Arica y Parinacota",7817.65540596061,105827.673280924,98010.0178749629,168054,15938.8174985272,113948.83537349,7.4,63,58.3,14
"232",2010-09-01,"Arica y Parinacota",7360.77046395624,105317.782651305,97957.0121873484,168324,16743.1760109045,114700.188198253,7,62.6,58.2,14.6
"233",2010-10-01,"Arica y Parinacota",7716.94056638137,102585.605331047,94868.6647646657,168584,18835.0185081604,113703.683272826,7.5,60.9,56.3,16.6
"234",2010-11-01,"Arica y Parinacota",7987.87765172718,101875.774212313,93887.8965605856,168851,19411.916190061,113299.812750647,7.8,60.3,55.6,17.1
"235",2010-12-01,"Arica y Parinacota",8824.62715736965,102907.507725701,94082.8805683317,169120,18671.8230552686,112754.7036236,8.6,60.8,55.6,16.6
"236",2011-01-01,"Arica y Parinacota",9448.41646977698,104546.570911318,95098.1544415413,169394,19916.9461130053,115015.100554547,9,61.7,56.1,17.3
"237",2011-02-01,"Arica y Parinacota",10341.9119184732,104240.580397816,93898.6684793427,169653,23122.6143521167,117021.282831459,9.9,61.4,55.3,19.8
"238",2011-03-01,"Arica y Parinacota",9012.77918994459,102936.46939746,93923.6902075155,169924,22436.9390976057,116360.629305121,8.8,60.6,55.3,19.3
"239",2011-04-01,"Arica y Parinacota",8285.18811934234,102598.158326616,94312.9702072739,170182,19843.1475631388,114156.117770413,8.1,60.3,55.4,17.4
"240",2011-05-01,"Arica y Parinacota",6585.52147249139,102942.26775303,96356.7462805384,170452,15600.0721038243,111956.818384363,6.4,60.4,56.5,13.9
"241",2010-02-01,"Ñuble",14912.8671874317,213941.789076996,199028.921889564,375589,43556.8944453494,242585.816334913,7,57,53,18
"242",2010-03-01,"Ñuble",17077.0154770158,208999.739509194,191922.724032178,375975,47755.7870256219,239678.5110578,8.2,55.6,51,19.9
"243",2010-04-01,"Ñuble",16057.0633056408,209198.648028177,193141.584722536,376366,49452.6916449207,242594.276367457,7.7,55.6,51.3,20.4
"244",2010-05-01,"Ñuble",17180.0286112311,212243.615713811,195063.58710258,376743,53820.3107950651,248883.897897645,8.1,56.3,51.8,21.6
"245",2010-06-01,"Ñuble",20406.4674664519,214246.143391027,193839.675924575,377144,62165.6217315444,256005.297656119,9.5,56.8,51.4,24.3
"246",2010-07-01,"Ñuble",22952.0314062374,215215.28447821,192263.253071973,377514,70837.5624151058,263100.815487078,10.7,57,50.9,26.9
"247",2010-08-01,"Ñuble",23177.2610256807,209662.82494652,186485.563920839,377897,74691.4961360202,261177.06005686,11.1,55.5,49.3,28.6
"248",2010-09-01,"Ñuble",19713.4789191181,211518.668651674,191805.189732555,378268,75656.3213163331,267461.511048888,9.3,55.9,50.7,28.3
"249",2010-10-01,"Ñuble",19237.1962456252,211410.78827423,192173.592028605,378633,72790.240182607,264963.832211212,9.1,55.8,50.8,27.5
"250",2010-11-01,"Ñuble",20412.348771044,213002.192722388,192589.843951344,379021,74002.2069407294,266592.050892073,9.6,56.2,50.8,27.8
"251",2010-12-01,"Ñuble",19663.8933820586,211913.549655189,192249.656273131,379415,72172.2522754497,264421.90854858,9.3,55.9,50.7,27.3
"252",2011-01-01,"Ñuble",16675.1326660563,218156.685776773,201481.553110717,379766,67082.56561675,268564.118727467,7.6,57.4,53.1,25
"253",2011-02-01,"Ñuble",15495.1695657456,221699.998332845,206204.828767099,380149,63662.8774993236,269867.706266423,7,58.3,54.2,23.6
"254",2011-03-01,"Ñuble",16967.4405019301,226016.07116073,209048.6306588,380526,60303.2600458091,269351.890704609,7.5,59.4,54.9,22.4
"255",2011-04-01,"Ñuble",19984.54798725,224377.372680379,204392.824693129,380897,65547.8160563463,269940.640749475,8.9,58.9,53.7,24.3
"256",2011-05-01,"Ñuble",20067.4772749559,221181.207985829,201113.730710873,381274,65096.156690023,266209.887400896,9.1,58,52.7,24.5
"257",2010-02-01,"Nacional",612826.980888428,8233856.92693695,7621029.94604853,13409572.0000047,1560619.70013684,9181649.64618536,7.4,61.4,56.8,17
"258",2010-03-01,"Nacional",622445.408865046,8246367.21060429,7623921.80173925,13426839.000005,1536144.29452961,9160066.09626886,7.5,61.4,56.8,16.8
"259",2010-04-01,"Nacional",594917.705325336,8250013.54657146,7655095.84124612,13444433.0000955,1458365.80549562,9113461.64674174,7.2,61.4,56.9,16
"260",2010-05-01,"Nacional",604074.496947734,8269596.96815681,7665522.47120907,13461548.0000602,1473210.01023342,9138732.48144249,7.3,61.4,56.9,16.1
"261",2010-06-01,"Nacional",598396.488269404,8296939.79658988,7698543.30832047,13479195.0000676,1499245.78339389,9197789.09171436,7.2,61.6,57.1,16.3
"262",2010-07-01,"Nacional",625814.883943334,8285241.44610425,7659426.56216092,13496488.0000168,1554438.90669568,9213865.4688566,7.6,61.4,56.8,16.9
"263",2010-08-01,"Nacional",624358.275934225,8308548.23452866,7684189.95859443,13513926.0000008,1554058.56323635,9238248.52183079,7.5,61.5,56.9,16.8
"264",2010-09-01,"Nacional",634756.0782719,8323162.23966213,7688406.16139023,13530963.0000009,1601011.47034591,9289417.63173614,7.6,61.5,56.8,17.2
"265",2010-10-01,"Nacional",618882.833012323,8322018.94457679,7703136.11156447,13548290.000001,1606105.6680265,9309241.77959097,7.4,61.4,56.9,17.3
"266",2010-11-01,"Nacional",610558.458254966,8327409.64330053,7716851.18504557,13565238.0000866,1580869.65208237,9297720.83712794,7.3,61.4,56.9,17
"267",2010-12-01,"Nacional",569452.966813752,8356354.87034013,7786901.90352638,13582706.0000947,1520722.38678849,9307624.29031487,6.8,61.5,57.3,16.3
"268",2011-01-01,"Nacional",575161.032800722,8391714.45847848,7816553.42567776,13599728.0001536,1532217.63319577,9348771.05887353,6.9,61.7,57.5,16.4
"269",2011-02-01,"Nacional",549951.789148901,8424025.49121646,7874073.70206756,13617057.0003119,1501841.73493355,9375915.43700111,6.5,61.9,57.8,16
"270",2011-03-01,"Nacional",572122.02462498,8416897.60437177,7844775.57974679,13634047.0003245,1475398.99682477,9320174.57657157,6.8,61.7,57.5,15.8
"271",2011-04-01,"Nacional",569498.436719443,8419956.55393534,7850458.11721589,13651321.0002183,1430458.42172257,9280916.53893846,6.8,61.7,57.5,15.4
"272",2011-05-01,"Nacional",584709.961960387,8422983.15471036,7838273.19274997,13668447.0002998,1422592.31191074,9260865.50466071,6.9,61.6,57.3,15.4
